query,source,name,country,state,county,lat,lon,feature_class,feature_code,population,raw
Berlin,geonames,"Berlin, Stadt (Berlin)",Germany,"Berlin (Berlino, BE, 柏林, Berlim, Land Berlin, Berlín, Berlijn)",,52.5233,13.41377,A,ADM3,3677472,"{""AncestorsNames"": ""Berlin (Berlino, BE, 柏林, Berlim, Land Berlin, Berlín, Berlijn), Germany (Tyskland, Federal Republic of Germany, 德意志联邦共和国, Allemagne, Germania, DE, Niemcy, Düütschland, Alemania, Alemanha, 德国, West Germany, Bundesrepublik, Deutschland, DEU, 德意志聯邦共和國, Bundesrepublik Deutschland, Duitsland, 德國), Europe"", ""FullHierarchy"": ""Berlin, Stadt (Berlin), Berlin (Berlino, BE, 柏林, Berlim, Land Berlin, Berlín, Berlijn), Germany (Tyskland, Federal Republic of Germany, 德意志联邦共和国, Allemagne, Germania, DE, Niemcy, Düütschland, Alemania, Alemanha, 德国, West Germany, Bundesrepublik, Deutschland, DEU, 德意志聯邦共和國, Bundesrepublik Deutschland, Duitsland, 德國), Europe"", ""Latitude"": ""52.5233"", ""Code"": ""ADM3"", ""Longitude"": ""13.41377"", ""Name"": ""Berlin, Stadt (Berlin)"", ""Continent"": ""Europe"", ""GeonameId"": ""6547383"", ""State"": ""Berlin (Berlino, BE, 柏林, Berlim, Land Berlin, Berlín, Berlijn)"", ""PCL"": ""2921044"", ""Population"": ""3677472"", ""ADM1"": ""2950157"", ""Country"": ""Germany"", ""Class"": ""A"", ""AncestorsIds"": ""2950157, 2921044, 6255148""}"
Berlin,geonames,Berlin (Berlino),Germany,"Berlin (Berlino, BE, 柏林, Berlim, Land Berlin, Berlín, Berlijn)",,52.5233,13.41377,A,ADM4,3677472,"{""AncestorsNames"": ""Berlin (Berlino, BE, 柏林, Berlim, Land Berlin, Berlín, Berlijn), Germany (Tyskland, Federal Republic of Germany, 德意志联邦共和国, Allemagne, Germania, DE, Niemcy, Düütschland, Alemania, Alemanha, 德国, West Germany, Bundesrepublik, Deutschland, DEU, 德意志聯邦共和國, Bundesrepublik Deutschland, Duitsland, 德國), Europe"", ""FullHierarchy"": ""Berlin (Berlino), Berlin (Berlino, BE, 柏林, Berlim, Land Berlin, Berlín, Berlijn), Germany (Tyskland, Federal Republic of Germany, 德意志联邦共和国, Allemagne, Germania, DE, Niemcy, Düütschland, Alemania, Alemanha, 德国, West Germany, Bundesrepublik, Deutschland, DEU, 德意志聯邦共和國, Bundesrepublik Deutschland, Duitsland, 德國), Europe"", ""Latitude"": ""52.5233"", ""Code"": ""ADM4"", ""Longitude"": ""13.41377"", ""Name"": ""Berlin (Berlino)"", ""Continent"": ""Europe"", ""GeonameId"": ""6547539"", ""State"": ""Berlin (Berlino, BE, 柏林, Berlim, Land Berlin, Berlín, Berlijn)"", ""PCL"": ""2921044"", ""Population"": ""3677472"", ""ADM1"": ""2950157"", ""Country"": ""Germany"", ""Class"": ""A"", ""AncestorsIds"": ""2950157, 2921044, 6255148""}"
Berlin,geonames,"Land Berlin (Berlino, BE, 柏林, Berlim, Berlin, Berlín, Berlijn)",Germany,"Berlin (Berlino, BE, 柏林, Berlim, Land Berlin, Berlín, Berlijn)",,52.5,13.41667,A,ADM1,3677472,"{""AncestorsNames"": ""Germany (Tyskland, Federal Republic of Germany, 德意志联邦共和国, Allemagne, Germania, DE, Niemcy, Düütschland, Alemania, Alemanha, 德国, West Germany, Bundesrepublik, Deutschland, DEU, 德意志聯邦共和國, Bundesrepublik Deutschland, Duitsland, 德國), Europe"", ""FullHierarchy"": ""Land Berlin (Berlino, BE, 柏林, Berlim, Berlin, Berlín, Berlijn), Germany (Tyskland, Federal Republic of Germany, 德意志联邦共和国, Allemagne, Germania, DE, Niemcy, Düütschland, Alemania, Alemanha, 德国, West Germany, Bundesrepublik, Deutschland, DEU, 德意志聯邦共和國, Bundesrepublik Deutschland, Duitsland, 德國), Europe"", ""Latitude"": ""52.5"", ""Code"": ""ADM1"", ""Longitude"": ""13.41667"", ""Name"": ""Land Berlin (Berlino, BE, 柏林, Berlim, Berlin, Berlín, Berlijn)"", ""Continent"": ""Europe"", ""GeonameId"": ""2950157"", ""State"": ""Berlin (Berlino, BE, 柏林, Berlim, Land Berlin, Berlín, Berlijn)"", ""PCL"": ""2921044"", ""Population"": ""3677472"", ""ADM1"": ""2950157"", ""Country"": ""Germany"", ""Class"": ""A"", ""AncestorsIds"": ""2921044, 6255148""}"
Berlin,geonames,"Berlin (Berlino, 柏林, Berlim, Berlín, Berlijn)",Germany,"Berlin (Berlino, BE, 柏林, Berlim, Land Berlin, Berlín, Berlijn)",,52.52437,13.41053,P,PPLC,3426354,"{""AncestorsNames"": ""Berlin (Berlino, BE, 柏林, Berlim, Land Berlin, Berlín, Berlijn), Germany (Tyskland, Federal Republic of Germany, 德意志联邦共和国, Allemagne, Germania, DE, Niemcy, Düütschland, Alemania, Alemanha, 德国, West Germany, Bundesrepublik, Deutschland, DEU, 德意志聯邦共和國, Bundesrepublik Deutschland, Duitsland, 德國), Europe"", ""FullHierarchy"": ""Berlin (Berlino, 柏林, Berlim, Berlín, Berlijn), Berlin (Berlino, BE, 柏林, Berlim, Land Berlin, Berlín, Berlijn), Germany (Tyskland, Federal Republic of Germany, 德意志联邦共和国, Allemagne, Germania, DE, Niemcy, Düütschland, Alemania, Alemanha, 德国, West Germany, Bundesrepublik, Deutschland, DEU, 德意志聯邦共和國, Bundesrepublik Deutschland, Duitsland, 德國), Europe"", ""Latitude"": ""52.52437"", ""Code"": ""PPLC"", ""Longitude"": ""13.41053"", ""Name"": ""Berlin (Berlino, 柏林, Berlim, Berlín, Berlijn)"", ""Continent"": ""Europe"", ""GeonameId"": ""2950159"", ""State"": ""Berlin (Berlino, BE, 柏林, Berlim, Land Berlin, Berlín, Berlijn)"", ""PCL"": ""2921044"", ""Population"": ""3426354"", ""ADM1"": ""2950157"", ""Country"": ""Germany"", ""Class"": ""P"", ""AncestorsIds"": ""2950157, 2921044, 6255148""}"
Berlin,geonames,"Bezirk Neukölln (Bezirk Neukolln, Neukölln, Berlin-Neukölln)",Germany,"Berlin (Berlino, BE, 柏林, Berlim, Berlín, Berlijn)",,52.48333,13.45,A,ADM5,313245,"{""AncestorsNames"": ""Berlin (Berlino, BE, 柏林, Berlim, Berlín, Berlijn), Germany (Tyskland, Federal Republic of Germany, 德意志联邦共和国, Allemagne, Germania, DE, Niemcy, Düütschland, Alemania, Alemanha, 德国, West Germany, Bundesrepublik, Deutschland, DEU, 德意志聯邦共和國, Bundesrepublik Deutschland, Duitsland, 德國), Europe"", ""FullHierarchy"": ""Bezirk Neukölln (Bezirk Neukolln, Neukölln, Berlin-Neukölln), Berlin (Berlino, BE, 柏林, Berlim, Berlín, Berlijn), Germany (Tyskland, Federal Republic of Germany, 德意志联邦共和国, Allemagne, Germania, DE, Niemcy, Düütschland, Alemania, Alemanha, 德国, West Germany, Bundesrepublik, Deutschland, DEU, 德意志聯邦共和國, Bundesrepublik Deutschland, Duitsland, 德國), Europe"", ""Latitude"": ""52.48333"", ""Code"": ""ADM5"", ""Longitude"": ""13.45"", ""Name"": ""Bezirk Neukölln (Bezirk Neukolln, Neukölln, Berlin-Neukölln)"", ""Continent"": ""Europe"", ""GeonameId"": ""2864694"", ""State"": ""Berlin (Berlino, BE, 柏林, Berlim, Berlín, Berlijn)"", ""PCL"": ""2921044"", ""Population"": ""313245"", ""ADM1"": ""2950157"", ""Country"": ""Germany"", ""Class"": ""A"", ""AncestorsIds"": ""2950157, 2921044, 6255148""}"
Berlin,photon,Berlin,Deutschland,,,52.510885,13.3989367,,city,,"{""osm_type"": ""R"", ""osm_id"": 62422, ""osm_key"": ""place"", ""osm_value"": ""city"", ""type"": ""city"", ""countrycode"": ""DE"", ""name"": ""Berlin"", ""country"": ""Deutschland"", ""extent"": [13.088345, 52.6755087, 13.7611609, 52.3382448], ""lon"": 13.3989367, ""lat"": 52.510885}"
Berlin,photon,Schlacht um Berlin,Deutschland,,,52.5127537,13.3814231,,house,,"{""osm_type"": ""N"", ""osm_id"": 1078631331, ""osm_key"": ""historic"", ""osm_value"": ""battlefield"", ""type"": ""house"", ""postcode"": ""10117"", ""countrycode"": ""DE"", ""name"": ""Schlacht um Berlin"", ""country"": ""Deutschland"", ""city"": ""Berlin"", ""district"": ""Mitte"", ""locality"": ""Dorotheenstadt"", ""street"": ""Gertrud-Kolmar-Straße"", ""lon"": 13.3814231, ""lat"": 52.5127537}"
Berlin,photon,Zoo Berlin,Deutschland,,,52.50844935,13.339230570557532,,house,,"{""osm_type"": ""W"", ""osm_id"": 9393789, ""osm_key"": ""tourism"", ""osm_value"": ""zoo"", ""type"": ""house"", ""postcode"": ""10787"", ""housenumber"": ""8"", ""countrycode"": ""DE"", ""name"": ""Zoo Berlin"", ""country"": ""Deutschland"", ""city"": ""Berlin"", ""district"": ""Tiergarten"", ""street"": ""Hardenbergplatz"", ""extent"": [13.3327176, 52.5114493, 13.3461375, 52.5054269], ""lon"": 13.339230570557532, ""lat"": 52.50844935}"
Berlin,photon,Humboldt-Universität zu Berlin,Deutschland,,,52.5183402,13.392920232320172,,house,,"{""osm_type"": ""R"", ""osm_id"": 6647, ""osm_key"": ""building"", ""osm_value"": ""university"", ""type"": ""house"", ""postcode"": ""10117"", ""housenumber"": ""6"", ""countrycode"": ""DE"", ""name"": ""Humboldt-Universität zu Berlin"", ""country"": ""Deutschland"", ""city"": ""Berlin"", ""district"": ""Mitte"", ""locality"": ""Friedrichswerder"", ""street"": ""Unter den Linden"", ""extent"": [13.3924335, 52.5191834, 13.3948735, 52.5175265], ""lon"": 13.392920232320172, ""lat"": 52.5183402}"
Berlin,photon,Olympiastadion Berlin,Deutschland,,,52.5145846,13.239814417756278,,house,,"{""osm_type"": ""W"", ""osm_id"": 38862723, ""osm_key"": ""leisure"", ""osm_value"": ""stadium"", ""type"": ""house"", ""postcode"": ""14053"", ""housenumber"": ""3"", ""countrycode"": ""DE"", ""name"": ""Olympiastadion Berlin"", ""country"": ""Deutschland"", ""city"": ""Berlin"", ""district"": ""Westend"", ""street"": ""Olympischer Platz"", ""extent"": [13.2364675, 52.5161915, 13.2433543, 52.5129574], ""lon"": 13.239814417756278, ""lat"": 52.5145846}"
Paris,geonames,Métropole du Grand Paris (Metropole du Grand Paris),France,"Île-de-France (Ile de France, Île-de-France Region, Région Île-de-France, Isla de Francia, Région parisienne, Ilha de França, 法兰西岛, Ile-de-France)",,48.79591,2.37077,A,ADMD,7070000,"{""AncestorsNames"": ""Île-de-France (Ile de France, Île-de-France Region, Région Île-de-France, Isla de Francia, Région parisienne, Ilha de França, 法兰西岛, Ile-de-France), France (Frankrike, Francia, 法国, République Française, Francja, Frankriek, FR, Frankrijk, Frankreich, França, FRA, Republic of France, ފަރަންސޭސިވިލާތް), Europe"", ""FullHierarchy"": ""Métropole du Grand Paris (Metropole du Grand Paris), Île-de-France (Ile de France, Île-de-France Region, Région Île-de-France, Isla de Francia, Région parisienne, Ilha de França, 法兰西岛, Ile-de-France), France (Frankrike, Francia, 法国, République Française, Francja, Frankriek, FR, Frankrijk, Frankreich, França, FRA, Republic of France, ފަރަންސޭސިވިލާތް), Europe"", ""Latitude"": ""48.79591"", ""Code"": ""ADMD"", ""Longitude"": ""2.37077"", ""Name"": ""Métropole du Grand Paris (Metropole du Grand Paris)"", ""Continent"": ""Europe"", ""GeonameId"": ""11875708"", ""State"": ""Île-de-France (Ile de France, Île-de-France Region, Région Île-de-France, Isla de Francia, Région parisienne, Ilha de França, 法兰西岛, Ile-de-France)"", ""PCL"": ""3017382"", ""Population"": ""7070000"", ""ADM1"": ""3012874"", ""Country"": ""France"", ""Class"": ""A"", ""AncestorsIds"": ""3012874, 3017382, 6255148""}"
Paris,geonames,"Paris (París, Parigi)",France,"Île-de-France (Ile de France, Île-de-France Region, Région Île-de-France, Isla de Francia, Région parisienne, Ilha de França, 法兰西岛, Ile-de-France)","Paris (Parigi, Paris Department)",48.85339,2.34864,A,ADM3,4380654,"{""AncestorsNames"": ""Paris (Parigi, Paris Department), Île-de-France (Ile de France, Île-de-France Region, Région Île-de-France, Isla de Francia, Région parisienne, Ilha de França, 法兰西岛, Ile-de-France), France (Frankrike, Francia, 法国, République Française, Francja, Frankriek, FR, Frankrijk, Frankreich, França, FRA, ފަރަންސޭސިވިލާތް), Europe"", ""FullHierarchy"": ""Paris (París, Parigi), Paris (Parigi, Paris Department), Île-de-France (Ile de France, Île-de-France Region, Région Île-de-France, Isla de Francia, Région parisienne, Ilha de França, 法兰西岛, Ile-de-France), France (Frankrike, Francia, 法国, République Française, Francja, Frankriek, FR, Frankrijk, Frankreich, França, FRA, ފަރަންސޭސިވިލާތް), Europe"", ""Latitude"": ""48.85339"", ""Code"": ""ADM3"", ""Longitude"": ""2.34864"", ""County"": ""Paris (Parigi, Paris Department)"", ""Name"": ""Paris (París, Parigi)"", ""Continent"": ""Europe"", ""GeonameId"": ""2988506"", ""ADM2"": ""2968815"", ""State"": ""Île-de-France (Ile de France, Île-de-France Region, Région Île-de-France, Isla de Francia, Région parisienne, Ilha de França, 法兰西岛, Ile-de-France)"", ""PCL"": ""3017382"", ""Population"": ""4380654"", ""ADM1"": ""3012874"", ""Country"": ""France"", ""Class"": ""A"", ""AncestorsIds"": ""2968815, 3012874, 3017382, 6255148""}"
Paris,geonames,Paris,France,"Île-de-France (Ile de France, Île-de-France Region, Région Île-de-France, Isla de Francia, Région parisienne, Ilha de França, 法兰西岛, Ile-de-France)","Paris (Parigi, Paris Department)",48.86,2.34444,A,ADM4,2190327,"{""AncestorsNames"": ""Paris (Parigi, Paris Department), Île-de-France (Ile de France, Île-de-France Region, Région Île-de-France, Isla de Francia, Région parisienne, Ilha de França, 法兰西岛, Ile-de-France), France (Frankrike, Francia, 法国, République Française, Francja, Frankriek, FR, Frankrijk, Frankreich, França, FRA, Republic of France, ފަރަންސޭސިވިލާތް), Europe"", ""FullHierarchy"": ""Paris, Paris (Parigi, Paris Department), Île-de-France (Ile de France, Île-de-France Region, Région Île-de-France, Isla de Francia, Région parisienne, Ilha de França, 法兰西岛, Ile-de-France), France (Frankrike, Francia, 法国, République Française, Francja, Frankriek, FR, Frankrijk, Frankreich, França, FRA, Republic of France, ފަރަންސޭސިވިލާތް), Europe"", ""Latitude"": ""48.86"", ""Code"": ""ADM4"", ""Longitude"": ""2.34444"", ""County"": ""Paris (Parigi, Paris Department)"", ""Name"": ""Paris"", ""Continent"": ""Europe"", ""GeonameId"": ""6455259"", ""ADM2"": ""2968815"", ""State"": ""Île-de-France (Ile de France, Île-de-France Region, Région Île-de-France, Isla de Francia, Région parisienne, Ilha de França, 法兰西岛, Ile-de-France)"", ""PCL"": ""3017382"", ""Population"": ""2190327"", ""ADM1"": ""3012874"", ""Country"": ""France"", ""Class"": ""A"", ""AncestorsIds"": ""2968815, 3012874, 3017382, 6255148""}"
Paris,geonames,"Paris (Parigi, Paris Department)",France,"Île-de-France (Ile de France, Île-de-France Region, Région Île-de-France, Isla de Francia, Région parisienne, Ilha de França, 法兰西岛, Ile-de-France)","Paris (Parigi, Paris Department)",48.8534,2.3486,A,ADM2,2165423,"{""AncestorsNames"": ""Paris (Parigi, Paris Department), Île-de-France (Ile de France, Île-de-France Region, Région Île-de-France, Isla de Francia, Région parisienne, Ilha de França, 法兰西岛, Ile-de-France), France (Frankrike, Francia, 法国, République Française, Francja, Frankriek, FR, Frankrijk, Frankreich, França, FRA, ފަރަންސޭސިވިލާތް), Europe"", ""FullHierarchy"": ""Paris (Parigi, Paris Department), Paris (Parigi, Paris Department), Île-de-France (Ile de France, Île-de-France Region, Région Île-de-France, Isla de Francia, Région parisienne, Ilha de França, 法兰西岛, Ile-de-France), France (Frankrike, Francia, 法国, République Française, Francja, Frankriek, FR, Frankrijk, Frankreich, França, FRA, ފަރަންސޭސިވިލާތް), Europe"", ""Latitude"": ""48.8534"", ""Code"": ""ADM2"", ""Longitude"": ""2.3486"", ""County"": ""Paris (Parigi, Paris Department)"", ""Name"": ""Paris (Parigi, Paris Department)"", ""Continent"": ""Europe"", ""GeonameId"": ""2968815"", ""ADM2"": ""2968815"", ""State"": ""Île-de-France (Ile de France, Île-de-France Region, Région Île-de-France, Isla de Francia, Région parisienne, Ilha de França, 法兰西岛, Ile-de-France)"", ""PCL"": ""3017382"", ""Population"": ""2165423"", ""ADM1"": ""3012874"", ""Country"": ""France"", ""Class"": ""A"", ""AncestorsIds"": ""2968815, 3012874, 3017382, 6255148""}"
Paris,geonames,"Paris (Parijs, Paryż, 巴黎, París, Paname, Pantruche, Parigi, Ville-Lumière)",France,"Île-de-France (Ile de France, Île-de-France Region, Région Île-de-France, Isla de Francia, Région parisienne, Ilha de França, 法兰西岛, Ile-de-France)","Paris (Parigi, Paris Department)",48.85341,2.3488,P,PPLC,2138551,"{""AncestorsNames"": ""Paris (Parigi, Paris Department), Île-de-France (Ile de France, Île-de-France Region, Région Île-de-France, Isla de Francia, Région parisienne, Ilha de França, 法兰西岛, Ile-de-France), France (Frankrike, Francia, 法国, République Française, Francja, Frankriek, FR, Frankrijk, Frankreich, França, FRA, ފަރަންސޭސިވިލާތް), Europe"", ""FullHierarchy"": ""Paris (Parijs, Paryż, 巴黎, París, Paname, Pantruche, Parigi, Ville-Lumière), Paris (Parigi, Paris Department), Île-de-France (Ile de France, Île-de-France Region, Région Île-de-France, Isla de Francia, Région parisienne, Ilha de França, 法兰西岛, Ile-de-France), France (Frankrike, Francia, 法国, République Française, Francja, Frankriek, FR, Frankrijk, Frankreich, França, FRA, ފަރަންސޭސިވިލާތް), Europe"", ""Latitude"": ""48.85341"", ""Code"": ""PPLC"", ""Longitude"": ""2.3488"", ""County"": ""Paris (Parigi, Paris Department)"", ""Name"": ""Paris (Parijs, Paryż, 巴黎, París, Paname, Pantruche, Parigi, Ville-Lumière)"", ""Continent"": ""Europe"", ""GeonameId"": ""2988507"", ""ADM2"": ""2968815"", ""State"": ""Île-de-France (Ile de France, Île-de-France Region, Région Île-de-France, Isla de Francia, Région parisienne, Ilha de França, 法兰西岛, Ile-de-France)"", ""PCL"": ""3017382"", ""Population"": ""2138551"", ""ADM1"": ""3012874"", ""Country"": ""France"", ""Class"": ""P"", ""AncestorsIds"": ""2968815, 3012874, 3017382, 6255148""}"
Paris,photon,Paris,France,Île-de-France,,48.8588897,2.3200410217200766,,district,,"{""osm_type"": ""R"", ""osm_id"": 7444, ""osm_key"": ""boundary"", ""osm_value"": ""administrative"", ""type"": ""district"", ""postcode"": ""75000;75001;75002;75003;75004;75005;75006;75007;75008;75009;75010;75011;75012;75013;75014;75015;75016;75017;75018;75019;75020;75116"", ""countrycode"": ""FR"", ""name"": ""Paris"", ""country"": ""France"", ""city"": ""Paris"", ""state"": ""Île-de-France"", ""extent"": [2.224122, 48.902156, 2.4697602, 48.8155755], ""lon"": 2.3200410217200766, ""lat"": 48.8588897}"
Paris,photon,Paris,France,Île-de-France,,48.8534951,2.3483915,,city,,"{""osm_type"": ""R"", ""osm_id"": 71525, ""osm_key"": ""place"", ""osm_value"": ""city"", ""type"": ""city"", ""countrycode"": ""FR"", ""name"": ""Paris"", ""country"": ""France"", ""state"": ""Île-de-France"", ""extent"": [2.224122, 48.902156, 2.4697602, 48.8155755], ""lon"": 2.3483915, ""lat"": 48.8534951}"
Paris,photon,Paris,France,Île-de-France,,48.8588897,2.3200410217200766,,district,,"{""osm_type"": ""R"", ""osm_id"": 1641193, ""osm_key"": ""boundary"", ""osm_value"": ""administrative"", ""type"": ""district"", ""countrycode"": ""FR"", ""name"": ""Paris"", ""country"": ""France"", ""city"": ""Paris"", ""state"": ""Île-de-France"", ""extent"": [2.224122, 48.902156, 2.4697602, 48.8155755], ""lon"": 2.3200410217200766, ""lat"": 48.8588897}"
Paris,photon,Paris,United States,Texas,Lamar,33.6617962,-95.555513,,city,,"{""osm_type"": ""R"", ""osm_id"": 115357, ""osm_key"": ""place"", ""osm_value"": ""town"", ""type"": ""city"", ""countrycode"": ""US"", ""name"": ""Paris"", ""country"": ""United States"", ""state"": ""Texas"", ""county"": ""Lamar"", ""extent"": [-95.6279396, 33.7383866, -95.4354115, 33.6206345], ""lon"": -95.555513, ""lat"": 33.6617962}"
Paris,photon,Observatoire de Paris,France,Île-de-France,,48.8365091,2.3365253984179155,,house,,"{""osm_type"": ""W"", ""osm_id"": 79611305, ""osm_key"": ""building"", ""osm_value"": ""historic"", ""type"": ""house"", ""postcode"": ""75014"", ""countrycode"": ""FR"", ""name"": ""Observatoire de Paris"", ""country"": ""France"", ""city"": ""Paris"", ""district"": ""Paris"", ""locality"": ""Quartier du Montparnasse"", ""street"": ""Avenue de l'Observatoire"", ""state"": ""Île-de-France"", ""extent"": [2.3358691, 48.8366578, 2.3371706, 48.836243], ""lon"": 2.3365253984179155, ""lat"": 48.8365091}"
Cambridge,geonames,"Boston-Cambridge-Newton, MA-NH Metro Area (Boston-Cambridge-Newton, Boston-Cambridge-Newton)",United States,"Massachusetts (Bay State, MA, mass, 麻薩諸塞州, Commonwealth of Massachusetts)",,42.5179,-71.02193,L,RGNE,4550000,"{""AncestorsNames"": ""Massachusetts (Bay State, MA, mass, 麻薩諸塞州, Commonwealth of Massachusetts), United States (美国, USA, Amerikas Förenta Stater, United States of America, Vereinigte Staaten, Estados Unidos, EUA, U.S., Verenigde Staten, Stati Uniti, États Unis, America, U.S.A., VS, Vereinigten Staaten von Amerika, US), North America"", ""FullHierarchy"": ""Boston-Cambridge-Newton, MA-NH Metro Area (Boston-Cambridge-Newton, Boston-Cambridge-Newton), Massachusetts (Bay State, MA, mass, 麻薩諸塞州, Commonwealth of Massachusetts), United States (美国, USA, Amerikas Förenta Stater, United States of America, Vereinigte Staaten, Estados Unidos, EUA, U.S., Verenigde Staten, Stati Uniti, États Unis, America, U.S.A., VS, Vereinigten Staaten von Amerika, US), North America"", ""Latitude"": ""42.5179"", ""Code"": ""RGNE"", ""Longitude"": ""-71.02193"", ""Name"": ""Boston-Cambridge-Newton, MA-NH Metro Area (Boston-Cambridge-Newton, Boston-Cambridge-Newton)"", ""Continent"": ""North America"", ""GeonameId"": ""12213178"", ""State"": ""Massachusetts (Bay State, MA, mass, 麻薩諸塞州, Commonwealth of Massachusetts)"", ""PCL"": ""6252001"", ""Population"": ""4550000"", ""ADM1"": ""6254926"", ""Country"": ""United States"", ""Class"": ""L"", ""AncestorsIds"": ""6254926, 6252001, 6255149""}"
Cambridge,geonames,Boston-Cambridge-Quincy,United States,"Massachusetts (Bay State, MA, mass, 麻薩諸塞州, Commonwealth of Massachusetts)","Suffolk County (Contea di Suffolk, Comté de Suffolk, Suffolk, Hrabstwo Suffolk, 沙福克縣, Condado de Suffolk)",42.35347,-71.06094,L,RGNE,4522858,"{""AncestorsNames"": ""Suffolk County (Contea di Suffolk, Comté de Suffolk, Suffolk, Hrabstwo Suffolk, 沙福克縣, Condado de Suffolk), Massachusetts (Bay State, MA, mass, 麻薩諸塞州, Commonwealth of Massachusetts), United States (美国, USA, Amerikas Förenta Stater, United States of America, Vereinigte Staaten, Estados Unidos, EUA, U.S., Verenigde Staten, Stati Uniti, États Unis, America, U.S.A., VS, Vereinigten Staaten von Amerika, US), North America"", ""FullHierarchy"": ""Boston-Cambridge-Quincy, Suffolk County (Contea di Suffolk, Comté de Suffolk, Suffolk, Hrabstwo Suffolk, 沙福克縣, Condado de Suffolk), Massachusetts (Bay State, MA, mass, 麻薩諸塞州, Commonwealth of Massachusetts), United States (美国, USA, Amerikas Förenta Stater, United States of America, Vereinigte Staaten, Estados Unidos, EUA, U.S., Verenigde Staten, Stati Uniti, États Unis, America, U.S.A., VS, Vereinigten Staaten von Amerika, US), North America"", ""Latitude"": ""42.35347"", ""Code"": ""RGNE"", ""Longitude"": ""-71.06094"", ""County"": ""Suffolk County (Contea di Suffolk, Comté de Suffolk, Suffolk, Hrabstwo Suffolk, 沙福克縣, Condado de Suffolk)"", ""Name"": ""Boston-Cambridge-Quincy"", ""Continent"": ""North America"", ""GeonameId"": ""6955111"", ""ADM2"": ""4952349"", ""State"": ""Massachusetts (Bay State, MA, mass, 麻薩諸塞州, Commonwealth of Massachusetts)"", ""PCL"": ""6252001"", ""Population"": ""4522858"", ""ADM1"": ""6254926"", ""Country"": ""United States"", ""Class"": ""L"", ""AncestorsIds"": ""4952349, 6254926, 6252001, 6255149""}"
Cambridge,geonames,Cambridge (劍橋),United Kingdom,"England (Engeland, Inglaterra, Angleterre, Inghilterra, އިނގިރޭސިވިލާތް, Anglia, 英格兰, ENG)","Cambridgeshire (劍橋, CAM)",52.2,0.11667,P,PPLA2,145674,"{""AncestorsNames"": ""Cambridgeshire (劍橋, CAM), England (Engeland, Inglaterra, Angleterre, Inghilterra, އިނގިރޭސިވިލާތް, Anglia, 英格兰, ENG), United Kingdom (Storbritannien, RU, Vereinigte Königreich Großbritannien und Nordirland, United Kingdom of Great Britain and Northern Ireland, Great Britain, UK, GBR, U.K., GB, Großbritannien und Nordirland, Wielka Brytania, Groot-Brittannië, Verenigd Koninkrijk, Royaume-Uni, Britain, 英國, Reino Unido, R.-u., U.K, VK, Regno Unito, Zjednoczone Królestwo Wielkiej Brytanii, Vereenigt Königriek vun Grootbritannien un Noordirland, 英国, Vereinigtes Königreich), Europe"", ""FullHierarchy"": ""Cambridge (劍橋), Cambridgeshire (劍橋, CAM), England (Engeland, Inglaterra, Angleterre, Inghilterra, އިނގިރޭސިވިލާތް, Anglia, 英格兰, ENG), United Kingdom (Storbritannien, RU, Vereinigte Königreich Großbritannien und Nordirland, United Kingdom of Great Britain and Northern Ireland, Great Britain, UK, GBR, U.K., GB, Großbritannien und Nordirland, Wielka Brytania, Groot-Brittannië, Verenigd Koninkrijk, Royaume-Uni, Britain, 英國, Reino Unido, R.-u., U.K, VK, Regno Unito, Zjednoczone Królestwo Wielkiej Brytanii, Vereenigt Königriek vun Grootbritannien un Noordirland, 英国, Vereinigtes Königreich), Europe"", ""Latitude"": ""52.2"", ""Code"": ""PPLA2"", ""Longitude"": ""0.11667"", ""County"": ""Cambridgeshire (劍橋, CAM)"", ""Name"": ""Cambridge (劍橋)"", ""Continent"": ""Europe"", ""GeonameId"": ""2653941"", ""ADM2"": ""2653940"", ""State"": ""England (Engeland, Inglaterra, Angleterre, Inghilterra, އިނގިރޭސިވިލާތް, Anglia, 英格兰, ENG)"", ""PCL"": ""2635167"", ""Population"": ""145674"", ""ADM1"": ""6269131"", ""Country"": ""United Kingdom"", ""Class"": ""P"", ""AncestorsIds"": ""2653940, 6269131, 2635167, 6255148""}"
Cambridge,geonames,Cambridge District,United Kingdom,"England (Engeland, Inglaterra, Angleterre, Inghilterra, އިނގިރޭސިވިލާތް, Anglia, 英格兰, ENG)","Cambridgeshire (劍橋, CAM)",52.19714,0.12823,A,ADM3,131799,"{""AncestorsNames"": ""Cambridgeshire (劍橋, CAM), England (Engeland, Inglaterra, Angleterre, Inghilterra, އިނގިރޭސިވިލާތް, Anglia, 英格兰, ENG), United Kingdom (Storbritannien, RU, Vereinigte Königreich Großbritannien und Nordirland, United Kingdom of Great Britain and Northern Ireland, Great Britain, UK, GBR, U.K., GB, Großbritannien und Nordirland, Wielka Brytania, Groot-Brittannië, Verenigd Koninkrijk, Royaume-Uni, Britain, 英國, Reino Unido, R.-u., U.K, VK, Regno Unito, Zjednoczone Królestwo Wielkiej Brytanii, Vereenigt Königriek vun Grootbritannien un Noordirland, 英国, Vereinigtes Königreich), Europe"", ""FullHierarchy"": ""Cambridge District, Cambridgeshire (劍橋, CAM), England (Engeland, Inglaterra, Angleterre, Inghilterra, އިނގިރޭސިވިލާތް, Anglia, 英格兰, ENG), United Kingdom (Storbritannien, RU, Vereinigte Königreich Großbritannien und Nordirland, United Kingdom of Great Britain and Northern Ireland, Great Britain, UK, GBR, U.K., GB, Großbritannien und Nordirland, Wielka Brytania, Groot-Brittannië, Verenigd Koninkrijk, Royaume-Uni, Britain, 英國, Reino Unido, R.-u., U.K, VK, Regno Unito, Zjednoczone Królestwo Wielkiej Brytanii, Vereenigt Königriek vun Grootbritannien un Noordirland, 英国, Vereinigtes Königreich), Europe"", ""Latitude"": ""52.19714"", ""Code"": ""ADM3"", ""Longitude"": ""0.12823"", ""County"": ""Cambridgeshire (劍橋, CAM)"", ""Name"": ""Cambridge District"", ""Continent"": ""Europe"", ""GeonameId"": ""7290660"", ""ADM2"": ""2653940"", ""State"": ""England (Engeland, Inglaterra, Angleterre, Inghilterra, އިނގިރޭސިވިލާތް, Anglia, 英格兰, ENG)"", ""PCL"": ""2635167"", ""Population"": ""131799"", ""ADM1"": ""6269131"", ""Country"": ""United Kingdom"", ""Class"": ""A"", ""AncestorsIds"": ""2653940, 6269131, 2635167, 6255148""}"
Cambridge,geonames,Cambridge (剑桥),Canada,"Ontario (Ontário, 安大略, Ont., ON)",Regional Municipality of Waterloo (Waterloo),43.3601,-80.31269,P,PPL,129920,"{""AncestorsNames"": ""Regional Municipality of Waterloo (Waterloo), Ontario (Ontário, 安大略, Ont., ON), Canada (Canadá, CAN, Kanada, 加拿大, CA), North America"", ""FullHierarchy"": ""Cambridge (剑桥), Regional Municipality of Waterloo (Waterloo), Ontario (Ontário, 安大略, Ont., ON), Canada (Canadá, CAN, Kanada, 加拿大, CA), North America"", ""Latitude"": ""43.3601"", ""Code"": ""PPL"", ""Longitude"": ""-80.31269"", ""County"": ""Regional Municipality of Waterloo (Waterloo)"", ""Name"": ""Cambridge (剑桥)"", ""Continent"": ""North America"", ""GeonameId"": ""5913695"", ""ADM2"": ""6176824"", ""State"": ""Ontario (Ontário, 安大略, Ont., ON)"", ""PCL"": ""6251999"", ""Population"": ""129920"", ""ADM1"": ""6093943"", ""Country"": ""Canada"", ""Class"": ""P"", ""AncestorsIds"": ""6176824, 6093943, 6251999, 6255149""}"
Cambridge,photon,Cambridge,United Kingdom,England,Cambridgeshire,52.2055314,0.1186637,,city,,"{""osm_type"": ""R"", ""osm_id"": 295355, ""osm_key"": ""place"", ""osm_value"": ""city"", ""type"": ""city"", ""countrycode"": ""GB"", ""name"": ""Cambridge"", ""country"": ""United Kingdom"", ""state"": ""England"", ""county"": ""Cambridgeshire"", ""extent"": [0.0686389, 52.2372296, 0.184552, 52.1579417], ""lon"": 0.1186637, ""lat"": 52.2055314}"
Cambridge,photon,Cambridge,United States,Massachusetts,Middlesex,42.3656347,-71.1040018,,city,,"{""osm_type"": ""R"", ""osm_id"": 1933745, ""osm_key"": ""place"", ""osm_value"": ""city"", ""type"": ""city"", ""countrycode"": ""US"", ""name"": ""Cambridge"", ""country"": ""United States"", ""state"": ""Massachusetts"", ""county"": ""Middlesex"", ""extent"": [-71.1603989, 42.4042593, -71.0639844, 42.3524025], ""lon"": -71.1040018, ""lat"": 42.3656347}"
Cambridge,photon,Cambridge,United Kingdom,England,Cambridgeshire,52.1941089,0.1377154,,house,,"{""osm_type"": ""N"", ""osm_id"": 573566827, ""osm_key"": ""railway"", ""osm_value"": ""station"", ""type"": ""house"", ""postcode"": ""CB1 2JH"", ""countrycode"": ""GB"", ""name"": ""Cambridge"", ""country"": ""United Kingdom"", ""city"": ""Cambridge"", ""district"": ""Petersfield"", ""street"": ""Station Road"", ""state"": ""England"", ""county"": ""Cambridgeshire"", ""lon"": 0.1377154, ""lat"": 52.1941089}"
Cambridge,photon,Cambridge,Canada,Ontario,Waterloo,43.3600536,-80.3123023,,city,,"{""osm_type"": ""R"", ""osm_id"": 2062152, ""osm_key"": ""place"", ""osm_value"": ""city"", ""type"": ""city"", ""countrycode"": ""CA"", ""name"": ""Cambridge"", ""country"": ""Canada"", ""state"": ""Ontario"", ""county"": ""Waterloo"", ""extent"": [-80.413078, 43.4723418, -80.2514908, 43.3323902], ""lon"": -80.3123023, ""lat"": 43.3600536}"
Cambridge,photon,Trinity College (University of Cambridge),United Kingdom,England,Cambridgeshire,52.20689035,0.11511257525718013,,house,,"{""osm_type"": ""W"", ""osm_id"": 151180819, ""osm_key"": ""amenity"", ""osm_value"": ""university"", ""type"": ""house"", ""postcode"": ""CB2 1TQ"", ""countrycode"": ""GB"", ""name"": ""Trinity College (University of Cambridge)"", ""country"": ""United Kingdom"", ""city"": ""Cambridge"", ""district"": ""Newnham"", ""street"": ""Trinity Street"", ""state"": ""England"", ""county"": ""Cambridgeshire"", ""extent"": [0.1116127, 52.2080167, 0.1182151, 52.2057864], ""lon"": 0.11511257525718013, ""lat"": 52.20689035}"
Springfield,geonames,"Springfield, MA Metro Area (Springfield, Springfield)",United States,"Massachusetts (Bay State, MA, mass, 麻薩諸塞州, Commonwealth of Massachusetts)",,42.36488,-72.62565,L,RGNE,690000,"{""AncestorsNames"": ""Massachusetts (Bay State, MA, mass, 麻薩諸塞州, Commonwealth of Massachusetts), United States (美国, USA, Amerikas Förenta Stater, United States of America, Vereinigte Staaten, Estados Unidos, EUA, U.S., Verenigde Staten, Stati Uniti, États Unis, America, U.S.A., VS, Vereinigten Staaten von Amerika, US), North America"", ""FullHierarchy"": ""Springfield, MA Metro Area (Springfield, Springfield), Massachusetts (Bay State, MA, mass, 麻薩諸塞州, Commonwealth of Massachusetts), United States (美国, USA, Amerikas Förenta Stater, United States of America, Vereinigte Staaten, Estados Unidos, EUA, U.S., Verenigde Staten, Stati Uniti, États Unis, America, U.S.A., VS, Vereinigten Staaten von Amerika, US), North America"", ""Latitude"": ""42.36488"", ""Code"": ""RGNE"", ""Longitude"": ""-72.62565"", ""Name"": ""Springfield, MA Metro Area (Springfield, Springfield)"", ""Continent"": ""North America"", ""GeonameId"": ""12213299"", ""State"": ""Massachusetts (Bay State, MA, mass, 麻薩諸塞州, Commonwealth of Massachusetts)"", ""PCL"": ""6252001"", ""Population"": ""690000"", ""ADM1"": ""6254926"", ""Country"": ""United States"", ""Class"": ""L"", ""AncestorsIds"": ""6254926, 6252001, 6255149""}"
Springfield,geonames,"Springfield, MO Metro Area (Springfield, Springfield)",United States,"Missouri (Estado de Missouri, MO, Show-Me State, Misuri, Missúri, State of Missouri, 密苏里州)",,37.36168,-93.17707,L,RGNE,440000,"{""AncestorsNames"": ""Missouri (Estado de Missouri, MO, Show-Me State, Misuri, Missúri, State of Missouri, 密苏里州), United States (美国, USA, Amerikas Förenta Stater, United States of America, Vereinigte Staaten, Estados Unidos, EUA, U.S., Verenigde Staten, Stati Uniti, États Unis, America, U.S.A., VS, Vereinigten Staaten von Amerika, US), North America"", ""FullHierarchy"": ""Springfield, MO Metro Area (Springfield, Springfield), Missouri (Estado de Missouri, MO, Show-Me State, Misuri, Missúri, State of Missouri, 密苏里州), United States (美国, USA, Amerikas Förenta Stater, United States of America, Vereinigte Staaten, Estados Unidos, EUA, U.S., Verenigde Staten, Stati Uniti, États Unis, America, U.S.A., VS, Vereinigten Staaten von Amerika, US), North America"", ""Latitude"": ""37.36168"", ""Code"": ""RGNE"", ""Longitude"": ""-93.17707"", ""Name"": ""Springfield, MO Metro Area (Springfield, Springfield)"", ""Continent"": ""North America"", ""GeonameId"": ""12213300"", ""State"": ""Missouri (Estado de Missouri, MO, Show-Me State, Misuri, Missúri, State of Missouri, 密苏里州)"", ""PCL"": ""6252001"", ""Population"": ""440000"", ""ADM1"": ""4398678"", ""Country"": ""United States"", ""Class"": ""L"", ""AncestorsIds"": ""4398678, 6252001, 6255149""}"
Springfield,geonames,"Eugene-Springfield, OR Metro Area (Eugene-Springfield, Eugene-Springfield)",United States,"Oregon (Beaver State, OR, Oregón, Oregão, 俄勒冈州, State of Oregon)",,43.94156,-122.87664,L,RGNE,350000,"{""AncestorsNames"": ""Oregon (Beaver State, OR, Oregón, Oregão, 俄勒冈州, State of Oregon), United States (美国, USA, Amerikas Förenta Stater, United States of America, Vereinigte Staaten, Estados Unidos, EUA, U.S., Verenigde Staten, Stati Uniti, États Unis, America, U.S.A., VS, Vereinigten Staaten von Amerika, US), North America"", ""FullHierarchy"": ""Eugene-Springfield, OR Metro Area (Eugene-Springfield, Eugene-Springfield), Oregon (Beaver State, OR, Oregón, Oregão, 俄勒冈州, State of Oregon), United States (美国, USA, Amerikas Förenta Stater, United States of America, Vereinigte Staaten, Estados Unidos, EUA, U.S., Verenigde Staten, Stati Uniti, États Unis, America, U.S.A., VS, Vereinigten Staaten von Amerika, US), North America"", ""Latitude"": ""43.94156"", ""Code"": ""RGNE"", ""Longitude"": ""-122.87664"", ""Name"": ""Eugene-Springfield, OR Metro Area (Eugene-Springfield, Eugene-Springfield)"", ""Continent"": ""North America"", ""GeonameId"": ""12213242"", ""State"": ""Oregon (Beaver State, OR, Oregón, Oregão, 俄勒冈州, State of Oregon)"", ""PCL"": ""6252001"", ""Population"": ""350000"", ""ADM1"": ""5744337"", ""Country"": ""United States"", ""Class"": ""L"", ""AncestorsIds"": ""5744337, 6252001, 6255149""}"
Springfield,geonames,"Springfield, IL Metro Area (Springfield, Springfield)",United States,"Illinois (伊利诺伊州, IL, Prairie State, State of Illinois, Ilinóis, Estado de Illinois)",,39.82959,-89.69691,L,RGNE,210000,"{""AncestorsNames"": ""Illinois (伊利诺伊州, IL, Prairie State, State of Illinois, Ilinóis, Estado de Illinois), United States (美国, USA, Amerikas Förenta Stater, United States of America, Vereinigte Staaten, Estados Unidos, EUA, U.S., Verenigde Staten, Stati Uniti, États Unis, America, U.S.A., VS, Vereinigten Staaten von Amerika, US), North America"", ""FullHierarchy"": ""Springfield, IL Metro Area (Springfield, Springfield), Illinois (伊利诺伊州, IL, Prairie State, State of Illinois, Ilinóis, Estado de Illinois), United States (美国, USA, Amerikas Förenta Stater, United States of America, Vereinigte Staaten, Estados Unidos, EUA, U.S., Verenigde Staten, Stati Uniti, États Unis, America, U.S.A., VS, Vereinigten Staaten von Amerika, US), North America"", ""Latitude"": ""39.82959"", ""Code"": ""RGNE"", ""Longitude"": ""-89.69691"", ""Name"": ""Springfield, IL Metro Area (Springfield, Springfield)"", ""Continent"": ""North America"", ""GeonameId"": ""12213298"", ""State"": ""Illinois (伊利诺伊州, IL, Prairie State, State of Illinois, Ilinóis, Estado de Illinois)"", ""PCL"": ""6252001"", ""Population"": ""210000"", ""ADM1"": ""4896861"", ""Country"": ""United States"", ""Class"": ""L"", ""AncestorsIds"": ""4896861, 6252001, 6255149""}"
Springfield,geonames,Springfield (斯普林菲尔德),United States,"Missouri (Estado de Missouri, MO, Show-Me State, Misuri, Missúri, State of Missouri, 密苏里州)","Greene County (Hrabstwo Greene, Contea di Greene, Comté de Greene, Condado de Greene, 格林縣, Greene)",37.21533,-93.29824,P,PPLA2,166810,"{""AncestorsNames"": ""Greene County (Hrabstwo Greene, Contea di Greene, Comté de Greene, Condado de Greene, 格林縣, Greene), Missouri (Estado de Missouri, MO, Show-Me State, Misuri, Missúri, State of Missouri, 密苏里州), United States (美国, USA, Amerikas Förenta Stater, United States of America, Vereinigte Staaten, Estados Unidos, EUA, U.S., Verenigde Staten, Stati Uniti, États Unis, America, U.S.A., VS, Vereinigten Staaten von Amerika, US), North America"", ""FullHierarchy"": ""Springfield (斯普林菲尔德), Greene County (Hrabstwo Greene, Contea di Greene, Comté de Greene, Condado de Greene, 格林縣, Greene), Missouri (Estado de Missouri, MO, Show-Me State, Misuri, Missúri, State of Missouri, 密苏里州), United States (美国, USA, Amerikas Förenta Stater, United States of America, Vereinigte Staaten, Estados Unidos, EUA, U.S., Verenigde Staten, Stati Uniti, États Unis, America, U.S.A., VS, Vereinigten Staaten von Amerika, US), North America"", ""Latitude"": ""37.21533"", ""Code"": ""PPLA2"", ""Longitude"": ""-93.29824"", ""County"": ""Greene County (Hrabstwo Greene, Contea di Greene, Comté de Greene, Condado de Greene, 格林縣, Greene)"", ""Name"": ""Springfield (斯普林菲尔德)"", ""Continent"": ""North America"", ""GeonameId"": ""4409896"", ""ADM2"": ""4388781"", ""State"": ""Missouri (Estado de Missouri, MO, Show-Me State, Misuri, Missúri, State of Missouri, 密苏里州)"", ""PCL"": ""6252001"", ""Population"": ""166810"", ""ADM1"": ""4398678"", ""Country"": ""United States"", ""Class"": ""P"", ""AncestorsIds"": ""4388781, 4398678, 6252001, 6255149""}"
Springfield,photon,Springfield,United States,MA,Hampden,42.1018764,-72.5886727,,city,,"{""osm_type"": ""R"", ""osm_id"": 1181618, ""osm_key"": ""place"", ""osm_value"": ""city"", ""type"": ""city"", ""countrycode"": ""US"", ""name"": ""Springfield"", ""country"": ""United States"", ""city"": ""Springfield"", ""state"": ""MA"", ""county"": ""Hampden"", ""extent"": [-72.6221576, 42.1622195, -72.471087, 42.0637364], ""lon"": -72.5886727, ""lat"": 42.1018764}"
Springfield,photon,Springfield,United States,Illinois,Sangamon,39.7990175,-89.6439575,,city,,"{""osm_type"": ""R"", ""osm_id"": 126326, ""osm_key"": ""place"", ""osm_value"": ""city"", ""type"": ""city"", ""countrycode"": ""US"", ""name"": ""Springfield"", ""country"": ""United States"", ""state"": ""Illinois"", ""county"": ""Sangamon"", ""extent"": [-89.773182, 39.87417, -89.56851, 39.653656], ""lon"": -89.6439575, ""lat"": 39.7990175}"
Springfield,photon,Springfield,United States,Missouri,Greene,37.2081729,-93.2922715,,city,,"{""osm_type"": ""R"", ""osm_id"": 141244, ""osm_key"": ""place"", ""osm_value"": ""city"", ""type"": ""city"", ""countrycode"": ""US"", ""name"": ""Springfield"", ""country"": ""United States"", ""state"": ""Missouri"", ""county"": ""Greene"", ""extent"": [-93.4132228, 37.2769839, -93.1784958, 37.0887889], ""lon"": -93.2922715, ""lat"": 37.2081729}"
Springfield,photon,Springfield,United States,Ohio,Clark,39.9234046,-83.810138,,city,,"{""osm_type"": ""R"", ""osm_id"": 182868, ""osm_key"": ""place"", ""osm_value"": ""city"", ""type"": ""city"", ""countrycode"": ""US"", ""name"": ""Springfield"", ""country"": ""United States"", ""state"": ""Ohio"", ""county"": ""Clark"", ""extent"": [-83.869662, 39.982857, -83.703424, 39.887855], ""lon"": -83.810138, ""lat"": 39.9234046}"
Springfield,photon,Springfield,United States,Oregon,Lane,44.0462362,-123.0220289,,city,,"{""osm_type"": ""R"", ""osm_id"": 186721, ""osm_key"": ""place"", ""osm_value"": ""city"", ""type"": ""city"", ""countrycode"": ""US"", ""name"": ""Springfield"", ""country"": ""United States"", ""state"": ""Oregon"", ""county"": ""Lane"", ""extent"": [-123.0501425, 44.094935, -122.8790537, 44.0235364], ""lon"": -123.0220289, ""lat"": 44.0462362}"
Izmir,geonames,"İzmir (provincia di Smirne, İzmir Province, Esmirna, Provincia de Esmirna, Izmir Province, 伊兹密尔省)",Turkey,"İzmir Province (provincia di Smirne, Esmirna, Izmir, İzmir, Provincia de Esmirna, 伊兹密尔省)",,38.46219,27.09229,A,ADM1,4462056,"{""AncestorsNames"": ""Turkey (Törkie, Turkije, Turquia, Turquía, Turchia, Türkei, Republic of Türkiye, TUR, Turcja, 土耳其, Turkiet, Republic of Turkey, estroict de Sibyle, Türkiye, TR, Turquie), Asia"", ""FullHierarchy"": ""İzmir (provincia di Smirne, İzmir Province, Esmirna, Provincia de Esmirna, Izmir Province, 伊兹密尔省), Turkey (Törkie, Turkije, Turquia, Turquía, Turchia, Türkei, Republic of Türkiye, TUR, Turcja, 土耳其, Turkiet, Republic of Turkey, estroict de Sibyle, Türkiye, TR, Turquie), Asia"", ""Latitude"": ""38.46219"", ""Code"": ""ADM1"", ""Longitude"": ""27.09229"", ""Name"": ""İzmir (provincia di Smirne, İzmir Province, Esmirna, Provincia de Esmirna, Izmir Province, 伊兹密尔省)"", ""Continent"": ""Asia"", ""GeonameId"": ""311044"", ""State"": ""İzmir Province (provincia di Smirne, Esmirna, Izmir, İzmir, Provincia de Esmirna, 伊兹密尔省)"", ""PCL"": ""298795"", ""Population"": ""4462056"", ""ADM1"": ""311044"", ""Country"": ""Turkey"", ""Class"": ""A"", ""AncestorsIds"": ""298795, 6255147""}"
Izmir,geonames,"İzmir (Esmirna, Smirne)",Turkey,"İzmir Province (provincia di Smirne, Esmirna, Izmir, İzmir, Provincia de Esmirna, 伊兹密尔省)",,38.41273,27.13838,P,PPLA,2500603,"{""AncestorsNames"": ""İzmir Province (provincia di Smirne, Esmirna, Izmir, İzmir, Provincia de Esmirna, 伊兹密尔省), Turkey (Törkie, Turkije, Turquia, Turquía, Turchia, Türkei, Republic of Türkiye, TUR, Turcja, 土耳其, Turkiet, Republic of Turkey, estroict de Sibyle, Türkiye, TR, Turquie), Asia"", ""FullHierarchy"": ""İzmir (Esmirna, Smirne), İzmir Province (provincia di Smirne, Esmirna, Izmir, İzmir, Provincia de Esmirna, 伊兹密尔省), Turkey (Törkie, Turkije, Turquia, Turquía, Turchia, Türkei, Republic of Türkiye, TUR, Turcja, 土耳其, Turkiet, Republic of Turkey, estroict de Sibyle, Türkiye, TR, Turquie), Asia"", ""Latitude"": ""38.41273"", ""Code"": ""PPLA"", ""Longitude"": ""27.13838"", ""Name"": ""İzmir (Esmirna, Smirne)"", ""Continent"": ""Asia"", ""GeonameId"": ""311046"", ""State"": ""İzmir Province (provincia di Smirne, Esmirna, Izmir, İzmir, Provincia de Esmirna, 伊兹密尔省)"", ""PCL"": ""298795"", ""Population"": ""2500603"", ""ADM1"": ""311044"", ""Country"": ""Turkey"", ""Class"": ""P"", ""AncestorsIds"": ""311044, 298795, 6255147""}"
Izmir,geonames,"İzmir Limanı (İzmir Province, Esmirna, Izmir, İzmir, Provincia de Izmir, 伊兹密尔省)",Turkey,"İzmir Province (provincia di Smirne, Esmirna, Izmir, İzmir, Provincia de Esmirna, 伊兹密尔省)",,38.44749,27.15214,H,HBR,0,"{""AncestorsNames"": ""İzmir Province (provincia di Smirne, Esmirna, Izmir, İzmir, Provincia de Esmirna, 伊兹密尔省), Turkey (Törkie, Turkije, Turquia, Turquía, Turchia, Türkei, Republic of Türkiye, TUR, Turcja, 土耳其, Turkiet, Republic of Turkey, estroict de Sibyle, Türkiye, TR, Turquie), Asia"", ""FullHierarchy"": ""İzmir Limanı (İzmir Province, Esmirna, Izmir, İzmir, Provincia de Izmir, 伊兹密尔省), İzmir Province (provincia di Smirne, Esmirna, Izmir, İzmir, Provincia de Esmirna, 伊兹密尔省), Turkey (Törkie, Turkije, Turquia, Turquía, Turchia, Türkei, Republic of Türkiye, TUR, Turcja, 土耳其, Turkiet, Republic of Turkey, estroict de Sibyle, Türkiye, TR, Turquie), Asia"", ""Latitude"": ""38.44749"", ""Code"": ""HBR"", ""Longitude"": ""27.15214"", ""Name"": ""İzmir Limanı (İzmir Province, Esmirna, Izmir, İzmir, Provincia de Izmir, 伊兹密尔省)"", ""Continent"": ""Asia"", ""GeonameId"": ""311042"", ""State"": ""İzmir Province (provincia di Smirne, Esmirna, Izmir, İzmir, Provincia de Esmirna, 伊兹密尔省)"", ""PCL"": ""298795"", ""Population"": ""0"", ""ADM1"": ""311044"", ""Country"": ""Turkey"", ""Class"": ""H"", ""AncestorsIds"": ""311044, 298795, 6255147""}"
Izmir,geonames,"Izmir Körfezi (Izmir Korfezi, Gulf of Smyrna, Gulf of Izmir)",Turkey,"İzmir Province (provincia di Smirne, Esmirna, Izmir, İzmir, Provincia de Esmirna, 伊兹密尔省)",,38.53586,26.75491,H,GULF,0,"{""AncestorsNames"": ""İzmir Province (provincia di Smirne, Esmirna, Izmir, İzmir, Provincia de Esmirna, 伊兹密尔省), Turkey (Törkie, Turkije, Turquia, Turquía, Turchia, Türkei, Republic of Türkiye, TUR, Turcja, 土耳其, Turkiet, Republic of Turkey, estroict de Sibyle, Türkiye, TR, Turquie), Asia"", ""FullHierarchy"": ""Izmir Körfezi (Izmir Korfezi, Gulf of Smyrna, Gulf of Izmir), İzmir Province (provincia di Smirne, Esmirna, Izmir, İzmir, Provincia de Esmirna, 伊兹密尔省), Turkey (Törkie, Turkije, Turquia, Turquía, Turchia, Türkei, Republic of Türkiye, TUR, Turcja, 土耳其, Turkiet, Republic of Turkey, estroict de Sibyle, Türkiye, TR, Turquie), Asia"", ""Latitude"": ""38.53586"", ""Code"": ""GULF"", ""Longitude"": ""26.75491"", ""Name"": ""Izmir Körfezi (Izmir Korfezi, Gulf of Smyrna, Gulf of Izmir)"", ""Continent"": ""Asia"", ""GeonameId"": ""311043"", ""State"": ""İzmir Province (provincia di Smirne, Esmirna, Izmir, İzmir, Provincia de Esmirna, 伊兹密尔省)"", ""PCL"": ""298795"", ""Population"": ""0"", ""ADM1"": ""311044"", ""Country"": ""Turkey"", ""Class"": ""H"", ""AncestorsIds"": ""311044, 298795, 6255147""}"
Izmir,geonames,İzmir Boğazı (Izmir Bogazi),Turkey,"İzmir Province (provincia di Smirne, Esmirna, Izmir, İzmir, Provincia de Esmirna, 伊兹密尔省)",,38.03333,27.3,H,RVN,0,"{""AncestorsNames"": ""İzmir Province (provincia di Smirne, Esmirna, Izmir, İzmir, Provincia de Esmirna, 伊兹密尔省), Turkey (Törkie, Turkije, Turquia, Turquía, Turchia, Türkei, Republic of Türkiye, TUR, Turcja, 土耳其, Turkiet, Republic of Turkey, estroict de Sibyle, Türkiye, TR, Turquie), Asia"", ""FullHierarchy"": ""İzmir Boğazı (Izmir Bogazi), İzmir Province (provincia di Smirne, Esmirna, Izmir, İzmir, Provincia de Esmirna, 伊兹密尔省), Turkey (Törkie, Turkije, Turquia, Turquía, Turchia, Türkei, Republic of Türkiye, TUR, Turcja, 土耳其, Turkiet, Republic of Turkey, estroict de Sibyle, Türkiye, TR, Turquie), Asia"", ""Latitude"": ""38.03333"", ""Code"": ""RVN"", ""Longitude"": ""27.3"", ""Name"": ""İzmir Boğazı (Izmir Bogazi)"", ""Continent"": ""Asia"", ""GeonameId"": ""311045"", ""State"": ""İzmir Province (provincia di Smirne, Esmirna, Izmir, İzmir, Provincia de Esmirna, 伊兹密尔省)"", ""PCL"": ""298795"", ""Population"": ""0"", ""ADM1"": ""311044"", ""Country"": ""Turkey"", ""Class"": ""H"", ""AncestorsIds"": ""311044, 298795, 6255147""}"
Izmir,photon,İzmir,Türkiye,İzmir,,38.4192537,27.128469,,district,,"{""osm_type"": ""N"", ""osm_id"": 428039507, ""osm_key"": ""place"", ""osm_value"": ""city"", ""type"": ""district"", ""postcode"": ""35250"", ""countrycode"": ""TR"", ""name"": ""İzmir"", ""country"": ""Türkiye"", ""city"": ""Konak"", ""state"": ""İzmir"", ""lon"": 27.128469, ""lat"": 38.4192537}"
Izmir,photon,İzmir,Türkiye,,,38.23166,27.02997,,state,,"{""osm_type"": ""R"", ""osm_id"": 223167, ""osm_key"": ""place"", ""osm_value"": ""province"", ""type"": ""state"", ""countrycode"": ""TR"", ""name"": ""İzmir"", ""country"": ""Türkiye"", ""extent"": [26.1707911, 39.3854872, 28.4930754, 37.8152305], ""lon"": 27.02997, ""lat"": 38.23166}"
Izmir,photon,İzmir Körfezi,Türkiye,İzmir,,38.52582485,26.77939099141646,,other,,"{""osm_type"": ""R"", ""osm_id"": 12734373, ""osm_key"": ""natural"", ""osm_value"": ""bay"", ""type"": ""other"", ""countrycode"": ""TR"", ""name"": ""İzmir Körfezi"", ""country"": ""Türkiye"", ""state"": ""İzmir"", ""extent"": [26.4728358, 38.7414595, 27.1711751, 38.3102278], ""lon"": 26.77939099141646, ""lat"": 38.52582485}"
Izmir,photon,İzmir Atatürk Stadyumu,Türkiye,İzmir,,38.434983450000004,27.17801135,,house,,"{""osm_type"": ""W"", ""osm_id"": 392518566, ""osm_key"": ""leisure"", ""osm_value"": ""stadium"", ""type"": ""house"", ""postcode"": ""35170"", ""countrycode"": ""TR"", ""name"": ""İzmir Atatürk Stadyumu"", ""country"": ""Türkiye"", ""city"": ""Konak"", ""district"": ""Mersinli"", ""street"": ""Şehitler Caddesi"", ""state"": ""İzmir"", ""extent"": [27.1765771, 38.4362892, 27.1794456, 38.4336797], ""lon"": 27.17801135, ""lat"": 38.434983450000004}"
Izmir,photon,İzmir Etnografya Müzesi,Türkiye,İzmir,,38.4137488,27.1284837,,house,,"{""osm_type"": ""N"", ""osm_id"": 4815186884, ""osm_key"": ""tourism"", ""osm_value"": ""museum"", ""type"": ""house"", ""postcode"": ""35260"", ""housenumber"": ""4/1"", ""countrycode"": ""TR"", ""name"": ""İzmir Etnografya Müzesi"", ""country"": ""Türkiye"", ""city"": ""İzmir"", ""district"": ""Fatih"", ""locality"": ""Yeşiltepe Mahallesi"", ""street"": ""Halil Rıfat Paşa Caddesi"", ""state"": ""İzmir"", ""lon"": 27.1284837, ""lat"": 38.4137488}"
Bayern,geonames,"Bavaria (Beieren, Baviera, 巴伐利亚州, BY, Bayern, Free State of Bavaria, Bavière, Bawaria)",Germany,"Bavaria (Beieren, Baviera, 巴伐利亚州, BY, Bayern, Free State of Bavaria, Bavière, Bawaria)",,49.0,11.5,A,ADM1,13124737,"{""AncestorsNames"": ""Germany (Tyskland, Federal Republic of Germany, 德意志联邦共和国, Allemagne, Germania, DE, Niemcy, Düütschland, Alemania, Alemanha, 德国, West Germany, Bundesrepublik, Deutschland, DEU, 德意志聯邦共和國, Bundesrepublik Deutschland, Duitsland, 德國), Europe"", ""FullHierarchy"": ""Bavaria (Beieren, Baviera, 巴伐利亚州, BY, Bayern, Free State of Bavaria, Bavière, Bawaria), Germany (Tyskland, Federal Republic of Germany, 德意志联邦共和国, Allemagne, Germania, DE, Niemcy, Düütschland, Alemania, Alemanha, 德国, West Germany, Bundesrepublik, Deutschland, DEU, 德意志聯邦共和國, Bundesrepublik Deutschland, Duitsland, 德國), Europe"", ""Latitude"": ""49.0"", ""Code"": ""ADM1"", ""Longitude"": ""11.5"", ""Name"": ""Bavaria (Beieren, Baviera, 巴伐利亚州, BY, Bayern, Free State of Bavaria, Bavière, Bawaria)"", ""Continent"": ""Europe"", ""GeonameId"": ""2951839"", ""State"": ""Bavaria (Beieren, Baviera, 巴伐利亚州, BY, Bayern, Free State of Bavaria, Bavière, Bawaria)"", ""PCL"": ""2921044"", ""Population"": ""13124737"", ""ADM1"": ""2951839"", ""Country"": ""Germany"", ""Class"": ""A"", ""AncestorsIds"": ""2921044, 6255148""}"
Bayern,geonames,"Aschaffenburg (A-Burg, Aschaffenbourg, 阿沙芬堡, Aschaffenburg / Bayern)",Germany,"Bavaria (Beieren, Baviera, 巴伐利亚州, BY, Bayern, Free State of Bavaria, Bavière, Bawaria)","Regierungsbezirk Unterfranken (Basse-Franconie, Lower Franconia, Dolna Frankonia, Baja Franconia, Bassa Franconia, Unterfranken, Neder-Franken)",49.97704,9.15214,P,PPLA3,68551,"{""AncestorsNames"": ""Regierungsbezirk Unterfranken (Basse-Franconie, Lower Franconia, Dolna Frankonia, Baja Franconia, Bassa Franconia, Unterfranken, Neder-Franken), Bavaria (Beieren, Baviera, 巴伐利亚州, BY, Bayern, Free State of Bavaria, Bavière, Bawaria), Germany (Tyskland, Federal Republic of Germany, 德意志联邦共和国, Allemagne, Germania, DE, Niemcy, Düütschland, Alemania, Alemanha, 德国, West Germany, Bundesrepublik, Deutschland, DEU, 德意志聯邦共和國, Bundesrepublik Deutschland, Duitsland, 德國), Europe"", ""FullHierarchy"": ""Aschaffenburg (A-Burg, Aschaffenbourg, 阿沙芬堡, Aschaffenburg / Bayern), Regierungsbezirk Unterfranken (Basse-Franconie, Lower Franconia, Dolna Frankonia, Baja Franconia, Bassa Franconia, Unterfranken, Neder-Franken), Bavaria (Beieren, Baviera, 巴伐利亚州, BY, Bayern, Free State of Bavaria, Bavière, Bawaria), Germany (Tyskland, Federal Republic of Germany, 德意志联邦共和国, Allemagne, Germania, DE, Niemcy, Düütschland, Alemania, Alemanha, 德国, West Germany, Bundesrepublik, Deutschland, DEU, 德意志聯邦共和國, Bundesrepublik Deutschland, Duitsland, 德國), Europe"", ""Latitude"": ""49.97704"", ""Code"": ""PPLA3"", ""Longitude"": ""9.15214"", ""County"": ""Regierungsbezirk Unterfranken (Basse-Franconie, Lower Franconia, Dolna Frankonia, Baja Franconia, Bassa Franconia, Unterfranken, Neder-Franken)"", ""Name"": ""Aschaffenburg (A-Burg, Aschaffenbourg, 阿沙芬堡, Aschaffenburg / Bayern)"", ""Continent"": ""Europe"", ""GeonameId"": ""2955272"", ""ADM2"": ""2819564"", ""State"": ""Bavaria (Beieren, Baviera, 巴伐利亚州, BY, Bayern, Free State of Bavaria, Bavière, Bawaria)"", ""PCL"": ""2921044"", ""Population"": ""68551"", ""ADM1"": ""2951839"", ""Country"": ""Germany"", ""Class"": ""P"", ""AncestorsIds"": ""2819564, 2951839, 2921044, 6255148""}"
Bayern,geonames,"Forchheim (Forchheim / Bayern, 福希海姆)",Germany,"Bavaria (Beieren, Baviera, 巴伐利亚州, BY, Bayern, Free State of Bavaria, Bavière, Bawaria)","Upper Franconia (Alta Franconia, Haute-Franconie, Regierungsbezirk Oberfranken, Oberfranken)",49.71754,11.05877,P,PPLA3,30442,"{""AncestorsNames"": ""Upper Franconia (Alta Franconia, Haute-Franconie, Regierungsbezirk Oberfranken, Oberfranken), Bavaria (Beieren, Baviera, 巴伐利亚州, BY, Bayern, Free State of Bavaria, Bavière, Bawaria), Germany (Tyskland, Federal Republic of Germany, 德意志联邦共和国, Allemagne, Germania, DE, Niemcy, Düütschland, Alemania, Alemanha, 德国, West Germany, Bundesrepublik, Deutschland, DEU, 德意志聯邦共和國, Bundesrepublik Deutschland, Duitsland, 德國), Europe"", ""FullHierarchy"": ""Forchheim (Forchheim / Bayern, 福希海姆), Upper Franconia (Alta Franconia, Haute-Franconie, Regierungsbezirk Oberfranken, Oberfranken), Bavaria (Beieren, Baviera, 巴伐利亚州, BY, Bayern, Free State of Bavaria, Bavière, Bawaria), Germany (Tyskland, Federal Republic of Germany, 德意志联邦共和国, Allemagne, Germania, DE, Niemcy, Düütschland, Alemania, Alemanha, 德国, West Germany, Bundesrepublik, Deutschland, DEU, 德意志聯邦共和國, Bundesrepublik Deutschland, Duitsland, 德國), Europe"", ""Latitude"": ""49.71754"", ""Code"": ""PPLA3"", ""Longitude"": ""11.05877"", ""County"": ""Upper Franconia (Alta Franconia, Haute-Franconie, Regierungsbezirk Oberfranken, Oberfranken)"", ""Name"": ""Forchheim (Forchheim / Bayern, 福希海姆)"", ""Continent"": ""Europe"", ""GeonameId"": ""2925910"", ""ADM2"": ""2860681"", ""State"": ""Bavaria (Beieren, Baviera, 巴伐利亚州, BY, Bayern, Free State of Bavaria, Bavière, Bawaria)"", ""PCL"": ""2921044"", ""Population"": ""30442"", ""ADM1"": ""2951839"", ""Country"": ""Germany"", ""Class"": ""P"", ""AncestorsIds"": ""2860681, 2951839, 2921044, 6255148""}"
Bayern,geonames,Schwandorf in Bayern,Germany,"Bavaria (Beieren, Baviera, 巴伐利亚州, BY, Bayern, Free State of Bavaria, Bavière, Bawaria)","Upper Palatinate (Oberpfalz, Haut-Palatinat, Regierungsbezirk Oberpfalz, Alto Palatinato)",49.32534,12.1098,P,PPLA3,28235,"{""AncestorsNames"": ""Upper Palatinate (Oberpfalz, Haut-Palatinat, Regierungsbezirk Oberpfalz, Alto Palatinato), Bavaria (Beieren, Baviera, 巴伐利亚州, BY, Bayern, Free State of Bavaria, Bavière, Bawaria), Germany (Tyskland, Federal Republic of Germany, 德意志联邦共和国, Allemagne, Germania, DE, Niemcy, Düütschland, Alemania, Alemanha, 德国, West Germany, Bundesrepublik, Deutschland, DEU, 德意志聯邦共和國, Bundesrepublik Deutschland, Duitsland, 德國), Europe"", ""FullHierarchy"": ""Schwandorf in Bayern, Upper Palatinate (Oberpfalz, Haut-Palatinat, Regierungsbezirk Oberpfalz, Alto Palatinato), Bavaria (Beieren, Baviera, 巴伐利亚州, BY, Bayern, Free State of Bavaria, Bavière, Bawaria), Germany (Tyskland, Federal Republic of Germany, 德意志联邦共和国, Allemagne, Germania, DE, Niemcy, Düütschland, Alemania, Alemanha, 德国, West Germany, Bundesrepublik, Deutschland, DEU, 德意志聯邦共和國, Bundesrepublik Deutschland, Duitsland, 德國), Europe"", ""Latitude"": ""49.32534"", ""Code"": ""PPLA3"", ""Longitude"": ""12.1098"", ""County"": ""Upper Palatinate (Oberpfalz, Haut-Palatinat, Regierungsbezirk Oberpfalz, Alto Palatinato)"", ""Name"": ""Schwandorf in Bayern"", ""Continent"": ""Europe"", ""GeonameId"": ""2835297"", ""ADM2"": ""2859444"", ""State"": ""Bavaria (Beieren, Baviera, 巴伐利亚州, BY, Bayern, Free State of Bavaria, Bavière, Bawaria)"", ""PCL"": ""2921044"", ""Population"": ""28235"", ""ADM1"": ""2951839"", ""Country"": ""Germany"", ""Class"": ""P"", ""AncestorsIds"": ""2859444, 2951839, 2921044, 6255148""}"
Bayern,geonames,"Lichtenfels (利希滕费尔斯, Lichtenfels / Bayern)",Germany,"Bavaria (Beieren, Baviera, 巴伐利亚州, BY, Bayern, Free State of Bavaria, Bavière, Bawaria)","Upper Franconia (Alta Franconia, Haute-Franconie, Regierungsbezirk Oberfranken, Oberfranken)",50.14567,11.05928,P,PPLA3,21336,"{""AncestorsNames"": ""Upper Franconia (Alta Franconia, Haute-Franconie, Regierungsbezirk Oberfranken, Oberfranken), Bavaria (Beieren, Baviera, 巴伐利亚州, BY, Bayern, Free State of Bavaria, Bavière, Bawaria), Germany (Tyskland, Federal Republic of Germany, 德意志联邦共和国, Allemagne, Germania, DE, Niemcy, Düütschland, Alemania, Alemanha, 德国, West Germany, Bundesrepublik, Deutschland, DEU, 德意志聯邦共和國, Bundesrepublik Deutschland, Duitsland, 德國), Europe"", ""FullHierarchy"": ""Lichtenfels (利希滕费尔斯, Lichtenfels / Bayern), Upper Franconia (Alta Franconia, Haute-Franconie, Regierungsbezirk Oberfranken, Oberfranken), Bavaria (Beieren, Baviera, 巴伐利亚州, BY, Bayern, Free State of Bavaria, Bavière, Bawaria), Germany (Tyskland, Federal Republic of Germany, 德意志联邦共和国, Allemagne, Germania, DE, Niemcy, Düütschland, Alemania, Alemanha, 德国, West Germany, Bundesrepublik, Deutschland, DEU, 德意志聯邦共和國, Bundesrepublik Deutschland, Duitsland, 德國), Europe"", ""Latitude"": ""50.14567"", ""Code"": ""PPLA3"", ""Longitude"": ""11.05928"", ""County"": ""Upper Franconia (Alta Franconia, Haute-Franconie, Regierungsbezirk Oberfranken, Oberfranken)"", ""Name"": ""Lichtenfels (利希滕费尔斯, Lichtenfels / Bayern)"", ""Continent"": ""Europe"", ""GeonameId"": ""2878074"", ""ADM2"": ""2860681"", ""State"": ""Bavaria (Beieren, Baviera, 巴伐利亚州, BY, Bayern, Free State of Bavaria, Bavière, Bawaria)"", ""PCL"": ""2921044"", ""Population"": ""21336"", ""ADM1"": ""2951839"", ""Country"": ""Germany"", ""Class"": ""P"", ""AncestorsIds"": ""2860681, 2951839, 2921044, 6255148""}"
Bayern,photon,Bayern,Deutschland,,,48.9467562,11.4038717,,state,,"{""osm_type"": ""R"", ""osm_id"": 2145268, ""osm_key"": ""place"", ""osm_value"": ""state"", ""type"": ""state"", ""countrycode"": ""DE"", ""name"": ""Bayern"", ""country"": ""Deutschland"", ""extent"": [8.9763654, 50.5647142, 13.8396495, 47.2701114], ""lon"": 11.4038717, ""lat"": 48.9467562}"
Bayern,photon,Oettingen in Bayern,Deutschland,Bayern,Landkreis Donau-Ries,48.9529964,10.6039216,,city,,"{""osm_type"": ""R"", ""osm_id"": 962610, ""osm_key"": ""place"", ""osm_value"": ""town"", ""type"": ""city"", ""postcode"": ""86732"", ""countrycode"": ""DE"", ""name"": ""Oettingen in Bayern"", ""country"": ""Deutschland"", ""state"": ""Bayern"", ""county"": ""Landkreis Donau-Ries"", ""extent"": [10.5335928, 48.9976778, 10.625714, 48.9059843], ""lon"": 10.6039216, ""lat"": 48.9529964}"
Bayern,photon,Weißenburg in Bayern,Deutschland,Bayern,Landkreis Weißenburg-Gunzenhausen,49.0305748,10.9718974,,city,,"{""osm_type"": ""R"", ""osm_id"": 1015141, ""osm_key"": ""place"", ""osm_value"": ""town"", ""type"": ""city"", ""postcode"": ""91781"", ""countrycode"": ""DE"", ""name"": ""Weißenburg in Bayern"", ""country"": ""Deutschland"", ""state"": ""Bayern"", ""county"": ""Landkreis Weißenburg-Gunzenhausen"", ""extent"": [10.8878275, 49.0644829, 11.087902, 48.9536045], ""lon"": 10.9718974, ""lat"": 49.0305748}"
Bayern,photon,Königsberg in Bayern,Deutschland,Bayern,Landkreis Haßberge,50.0818105,10.570198,,city,,"{""osm_type"": ""R"", ""osm_id"": 388845, ""osm_key"": ""place"", ""osm_value"": ""village"", ""type"": ""city"", ""postcode"": ""97486"", ""countrycode"": ""DE"", ""name"": ""Königsberg in Bayern"", ""country"": ""Deutschland"", ""state"": ""Bayern"", ""county"": ""Landkreis Haßberge"", ""extent"": [10.4381109, 50.1157515, 10.6887808, 50.0388955], ""lon"": 10.570198, ""lat"": 50.0818105}"
Bayern,photon,Bayerndom,Kalaallit Nunaat,,,72.1411995,-25.7041991,,other,,"{""osm_type"": ""N"", ""osm_id"": 8987861889, ""osm_key"": ""natural"", ""osm_value"": ""peak"", ""type"": ""other"", ""countrycode"": ""GL"", ""name"": ""Bayerndom"", ""country"": ""Kalaallit Nunaat"", ""lon"": -25.7041991, ""lat"": 72.1411995}"
Rhine,geonames,"Nordrhein-Westfalen (Noordrijn-Westfalen, NW, Renania Settentrionale-Vestfalia, Northrhine-Westphalia, Renania del Norte-Westfalia, Nadrenia Północna-Westfalia, NRW, Renânia do Norte-Vestfália, Noordrhien-Westfalen, Rhénanie du Nord-Westphalie, North Rhine-Westphalia, 北莱茵-威斯特法伦)",Germany,"North Rhine-Westphalia (Noordrijn-Westfalen, Nordrhein-Westfalen, NW, Renania Settentrionale-Vestfalia, Northrhine-Westphalia, Renania del Norte-Westfalia, Nadrenia Północna-Westfalia, NRW, Renânia do Norte-Vestfália, Noordrhien-Westfalen, Rhénanie du Nord-Westphalie, 北莱茵-威斯特法伦)",,51.21895,6.76339,A,ADM1,18077762,"{""AncestorsNames"": ""Germany (Tyskland, Federal Republic of Germany, 德意志联邦共和国, Allemagne, Germania, DE, Niemcy, Düütschland, Alemania, Alemanha, 德国, West Germany, Bundesrepublik, Deutschland, DEU, 德意志聯邦共和國, Bundesrepublik Deutschland, Duitsland, 德國), Europe"", ""FullHierarchy"": ""Nordrhein-Westfalen (Noordrijn-Westfalen, NW, Renania Settentrionale-Vestfalia, Northrhine-Westphalia, Renania del Norte-Westfalia, Nadrenia Północna-Westfalia, NRW, Renânia do Norte-Vestfália, Noordrhien-Westfalen, Rhénanie du Nord-Westphalie, North Rhine-Westphalia, 北莱茵-威斯特法伦), Germany (Tyskland, Federal Republic of Germany, 德意志联邦共和国, Allemagne, Germania, DE, Niemcy, Düütschland, Alemania, Alemanha, 德国, West Germany, Bundesrepublik, Deutschland, DEU, 德意志聯邦共和國, Bundesrepublik Deutschland, Duitsland, 德國), Europe"", ""Latitude"": ""51.21895"", ""Code"": ""ADM1"", ""Longitude"": ""6.76339"", ""Name"": ""Nordrhein-Westfalen (Noordrijn-Westfalen, NW, Renania Settentrionale-Vestfalia, Northrhine-Westphalia, Renania del Norte-Westfalia, Nadrenia Północna-Westfalia, NRW, Renânia do Norte-Vestfália, Noordrhien-Westfalen, Rhénanie du Nord-Westphalie, North Rhine-Westphalia, 北莱茵-威斯特法伦)"", ""Continent"": ""Europe"", ""GeonameId"": ""2861876"", ""State"": ""North Rhine-Westphalia (Noordrijn-Westfalen, Nordrhein-Westfalen, NW, Renania Settentrionale-Vestfalia, Northrhine-Westphalia, Renania del Norte-Westfalia, Nadrenia Północna-Westfalia, NRW, Renânia do Norte-Vestfália, Noordrhien-Westfalen, Rhénanie du Nord-Westphalie, 北莱茵-威斯特法伦)"", ""PCL"": ""2921044"", ""Population"": ""18077762"", ""ADM1"": ""2861876"", ""Country"": ""Germany"", ""Class"": ""A"", ""AncestorsIds"": ""2921044, 6255148""}"
Rhine,geonames,"Rhein-Neckar (Rhine-Neckar Metropolitan Region, Rhine-Neckar)",Germany,,,49.31885,8.77012,L,RGN,2390000,"{""AncestorsNames"": ""Germany (Tyskland, Federal Republic of Germany, 德意志联邦共和国, Allemagne, Germania, DE, Niemcy, Düütschland, Alemania, Alemanha, 德国, West Germany, Bundesrepublik, Deutschland, DEU, 德意志聯邦共和國, Bundesrepublik Deutschland, Duitsland, 德國), Europe"", ""FullHierarchy"": ""Rhein-Neckar (Rhine-Neckar Metropolitan Region, Rhine-Neckar), Germany (Tyskland, Federal Republic of Germany, 德意志联邦共和国, Allemagne, Germania, DE, Niemcy, Düütschland, Alemania, Alemanha, 德国, West Germany, Bundesrepublik, Deutschland, DEU, 德意志聯邦共和國, Bundesrepublik Deutschland, Duitsland, 德國), Europe"", ""Latitude"": ""49.31885"", ""Code"": ""RGN"", ""Longitude"": ""8.77012"", ""Name"": ""Rhein-Neckar (Rhine-Neckar Metropolitan Region, Rhine-Neckar)"", ""Continent"": ""Europe"", ""GeonameId"": ""12077024"", ""PCL"": ""2921044"", ""Population"": ""2390000"", ""Country"": ""Germany"", ""Class"": ""L"", ""AncestorsIds"": ""2921044, 6255148""}"
Rhine,geonames,Town of Rhine,United States,"Wisconsin (WI, 威斯康辛州, Estado de Wisconsin, State of Wisconsin, Badger State)","Sheboygan County (希博伊根縣, Comté de Sheboygan, Contea di Sheboygan, Hrabstwo Sheboygan, Sheboygan, Condado de Sheboygan)",43.84875,-87.98046,A,ADM3,2158,"{""AncestorsNames"": ""Sheboygan County (希博伊根縣, Comté de Sheboygan, Contea di Sheboygan, Hrabstwo Sheboygan, Sheboygan, Condado de Sheboygan), Wisconsin (WI, 威斯康辛州, Estado de Wisconsin, State of Wisconsin, Badger State), United States (美国, USA, Amerikas Förenta Stater, United States of America, Vereinigte Staaten, Estados Unidos, EUA, U.S., Verenigde Staten, Stati Uniti, États Unis, America, U.S.A., VS, Vereinigten Staaten von Amerika, US), North America"", ""FullHierarchy"": ""Town of Rhine, Sheboygan County (希博伊根縣, Comté de Sheboygan, Contea di Sheboygan, Hrabstwo Sheboygan, Sheboygan, Condado de Sheboygan), Wisconsin (WI, 威斯康辛州, Estado de Wisconsin, State of Wisconsin, Badger State), United States (美国, USA, Amerikas Förenta Stater, United States of America, Vereinigte Staaten, Estados Unidos, EUA, U.S., Verenigde Staten, Stati Uniti, États Unis, America, U.S.A., VS, Vereinigten Staaten von Amerika, US), North America"", ""Latitude"": ""43.84875"", ""Code"": ""ADM3"", ""Longitude"": ""-87.98046"", ""County"": ""Sheboygan County (希博伊根縣, Comté de Sheboygan, Contea di Sheboygan, Hrabstwo Sheboygan, Sheboygan, Condado de Sheboygan)"", ""Name"": ""Town of Rhine"", ""Continent"": ""North America"", ""GeonameId"": ""5268719"", ""ADM2"": ""5272899"", ""State"": ""Wisconsin (WI, 威斯康辛州, Estado de Wisconsin, State of Wisconsin, Badger State)"", ""PCL"": ""6252001"", ""Population"": ""2158"", ""ADM1"": ""5279468"", ""Country"": ""United States"", ""Class"": ""A"", ""AncestorsIds"": ""5272899, 5279468, 6252001, 6255149""}"
Rhine,geonames,Town of Rhine,United States,"Georgia (乔治亚, Estado de Georgia, State of Georgia, GA, Géorgie, Geórgia, Peach State)","Dodge County (Condado de Dodge, Dodge, 道奇縣, Hrabstwo Dodge, Comté de Dodge, Contea di Dodge)",31.98908,-83.20001,A,ADMD,394,"{""AncestorsNames"": ""Dodge County (Condado de Dodge, Dodge, 道奇縣, Hrabstwo Dodge, Comté de Dodge, Contea di Dodge), Georgia (乔治亚, Estado de Georgia, State of Georgia, GA, Géorgie, Geórgia, Peach State), United States (美国, USA, Amerikas Förenta Stater, United States of America, Vereinigte Staaten, Estados Unidos, EUA, U.S., Verenigde Staten, Stati Uniti, États Unis, America, U.S.A., VS, Vereinigten Staaten von Amerika, US), North America"", ""FullHierarchy"": ""Town of Rhine, Dodge County (Condado de Dodge, Dodge, 道奇縣, Hrabstwo Dodge, Comté de Dodge, Contea di Dodge), Georgia (乔治亚, Estado de Georgia, State of Georgia, GA, Géorgie, Geórgia, Peach State), United States (美国, USA, Amerikas Förenta Stater, United States of America, Vereinigte Staaten, Estados Unidos, EUA, U.S., Verenigde Staten, Stati Uniti, États Unis, America, U.S.A., VS, Vereinigten Staaten von Amerika, US), North America"", ""Latitude"": ""31.98908"", ""Code"": ""ADMD"", ""Longitude"": ""-83.20001"", ""County"": ""Dodge County (Condado de Dodge, Dodge, 道奇縣, Hrabstwo Dodge, Comté de Dodge, Contea di Dodge)"", ""Name"": ""Town of Rhine"", ""Continent"": ""North America"", ""GeonameId"": ""7172417"", ""ADM2"": ""4191654"", ""State"": ""Georgia (乔治亚, Estado de Georgia, State of Georgia, GA, Géorgie, Geórgia, Peach State)"", ""PCL"": ""6252001"", ""Population"": ""394"", ""ADM1"": ""4197000"", ""Country"": ""United States"", ""Class"": ""A"", ""AncestorsIds"": ""4191654, 4197000, 6252001, 6255149""}"
Rhine,geonames,Rhine,United States,"Georgia (乔治亚, Estado de Georgia, State of Georgia, GA, Géorgie, Geórgia, Peach State)","Dodge County (Condado de Dodge, Dodge, 道奇縣, Hrabstwo Dodge, Comté de Dodge, Contea di Dodge)",31.98962,-83.20015,P,PPL,377,"{""AncestorsNames"": ""Dodge County (Condado de Dodge, Dodge, 道奇縣, Hrabstwo Dodge, Comté de Dodge, Contea di Dodge), Georgia (乔治亚, Estado de Georgia, State of Georgia, GA, Géorgie, Geórgia, Peach State), United States (美国, USA, Amerikas Förenta Stater, United States of America, Vereinigte Staaten, Estados Unidos, EUA, U.S., Verenigde Staten, Stati Uniti, États Unis, America, U.S.A., VS, Vereinigten Staaten von Amerika, US), North America"", ""FullHierarchy"": ""Rhine, Dodge County (Condado de Dodge, Dodge, 道奇縣, Hrabstwo Dodge, Comté de Dodge, Contea di Dodge), Georgia (乔治亚, Estado de Georgia, State of Georgia, GA, Géorgie, Geórgia, Peach State), United States (美国, USA, Amerikas Förenta Stater, United States of America, Vereinigte Staaten, Estados Unidos, EUA, U.S., Verenigde Staten, Stati Uniti, États Unis, America, U.S.A., VS, Vereinigten Staaten von Amerika, US), North America"", ""Latitude"": ""31.98962"", ""Code"": ""PPL"", ""Longitude"": ""-83.20015"", ""County"": ""Dodge County (Condado de Dodge, Dodge, 道奇縣, Hrabstwo Dodge, Comté de Dodge, Contea di Dodge)"", ""Name"": ""Rhine"", ""Continent"": ""North America"", ""GeonameId"": ""4218611"", ""ADM2"": ""4191654"", ""State"": ""Georgia (乔治亚, Estado de Georgia, State of Georgia, GA, Géorgie, Geórgia, Peach State)"", ""PCL"": ""6252001"", ""Population"": ""377"", ""ADM1"": ""4197000"", ""Country"": ""United States"", ""Class"": ""P"", ""AncestorsIds"": ""4191654, 4197000, 6252001, 6255149""}"
Rhine,photon,Rhein,Deutschland,,,50.4677626,7.351989,,other,,"{""osm_type"": ""R"", ""osm_id"": 123924, ""osm_key"": ""waterway"", ""osm_value"": ""river"", ""type"": ""other"", ""countrycode"": ""DE"", ""name"": ""Rhein"", ""country"": ""Deutschland"", ""extent"": [4.0496041, 52.0029781, 9.6708805, 46.8234499], ""lon"": 7.351989, ""lat"": 50.4677626}"
Rhine,photon,Rhinelander,United States,Wisconsin,Oneida,45.636623,-89.412075,,city,,"{""osm_type"": ""R"", ""osm_id"": 251816, ""osm_key"": ""place"", ""osm_value"": ""town"", ""type"": ""city"", ""postcode"": ""54501"", ""countrycode"": ""US"", ""name"": ""Rhinelander"", ""country"": ""United States"", ""state"": ""Wisconsin"", ""county"": ""Oneida"", ""extent"": [-89.501802, 45.665868, -89.369941, 45.5949166], ""lon"": -89.412075, ""lat"": 45.636623}"
Rhine,photon,Over-the-Rhine,United States,Ohio,Hamilton,39.1115038,-84.5143927,,district,,"{""osm_type"": ""R"", ""osm_id"": 9965795, ""osm_key"": ""place"", ""osm_value"": ""suburb"", ""type"": ""district"", ""postcode"": ""45210"", ""countrycode"": ""US"", ""name"": ""Over-the-Rhine"", ""country"": ""United States"", ""city"": ""Cincinnati"", ""state"": ""Ohio"", ""county"": ""Hamilton"", ""extent"": [-84.52626, 39.1217771, -84.5096666, 39.1064301], ""lon"": -84.5143927, ""lat"": 39.1115038}"
Rhine,photon,Rhinecliff,United States,New York,Dutchess,41.9245067,-73.94296836904984,,other,,"{""osm_type"": ""R"", ""osm_id"": 14073809, ""osm_key"": ""boundary"", ""osm_value"": ""census"", ""type"": ""other"", ""postcode"": ""12574"", ""countrycode"": ""US"", ""name"": ""Rhinecliff"", ""country"": ""United States"", ""city"": ""Rhinebeck"", ""district"": ""Rhinecliff"", ""state"": ""New York"", ""county"": ""Dutchess"", ""extent"": [-73.9550819, 41.9363797, -73.9358959, 41.9119007], ""lon"": -73.94296836904984, ""lat"": 41.9245067}"
Rhine,photon,Rhinebeck,United States,New York,Dutchess,41.9267604,-73.912763,,city,,"{""osm_type"": ""R"", ""osm_id"": 3232527, ""osm_key"": ""place"", ""osm_value"": ""village"", ""type"": ""city"", ""countrycode"": ""US"", ""name"": ""Rhinebeck"", ""country"": ""United States"", ""state"": ""New York"", ""county"": ""Dutchess"", ""extent"": [-73.963842, 41.981695, -73.821541, 41.872941], ""lon"": -73.912763, ""lat"": 41.9267604}"
Danube,geonames,"Neuburg an der Donau (Neubourg-sur-le-Danube, Neuburgo do Danúbio, Neuburg a.d.Donau, 纽因堡)",Germany,"Bavaria (Beieren, Baviera, 巴伐利亚州, BY, Bayern, Free State of Bavaria, Bavière, Bawaria)","Upper Bavaria (Oberbayern, Haute-Bavière, Regierungsbezirk Oberbayern, Alta Baviera)",48.73218,11.18709,P,PPLA3,28370,"{""AncestorsNames"": ""Upper Bavaria (Oberbayern, Haute-Bavière, Regierungsbezirk Oberbayern, Alta Baviera), Bavaria (Beieren, Baviera, 巴伐利亚州, BY, Bayern, Free State of Bavaria, Bavière, Bawaria), Germany (Tyskland, Federal Republic of Germany, 德意志联邦共和国, Allemagne, Germania, DE, Niemcy, Düütschland, Alemania, Alemanha, 德国, West Germany, Bundesrepublik, Deutschland, DEU, 德意志聯邦共和國, Bundesrepublik Deutschland, Duitsland, 德國), Europe"", ""FullHierarchy"": ""Neuburg an der Donau (Neubourg-sur-le-Danube, Neuburgo do Danúbio, Neuburg a.d.Donau, 纽因堡), Upper Bavaria (Oberbayern, Haute-Bavière, Regierungsbezirk Oberbayern, Alta Baviera), Bavaria (Beieren, Baviera, 巴伐利亚州, BY, Bayern, Free State of Bavaria, Bavière, Bawaria), Germany (Tyskland, Federal Republic of Germany, 德意志联邦共和国, Allemagne, Germania, DE, Niemcy, Düütschland, Alemania, Alemanha, 德国, West Germany, Bundesrepublik, Deutschland, DEU, 德意志聯邦共和國, Bundesrepublik Deutschland, Duitsland, 德國), Europe"", ""Latitude"": ""48.73218"", ""Code"": ""PPLA3"", ""Longitude"": ""11.18709"", ""County"": ""Upper Bavaria (Oberbayern, Haute-Bavière, Regierungsbezirk Oberbayern, Alta Baviera)"", ""Name"": ""Neuburg an der Donau (Neubourg-sur-le-Danube, Neuburgo do Danúbio, Neuburg a.d.Donau, 纽因堡)"", ""Continent"": ""Europe"", ""GeonameId"": ""2866070"", ""ADM2"": ""2861322"", ""State"": ""Bavaria (Beieren, Baviera, 巴伐利亚州, BY, Bayern, Free State of Bavaria, Bavière, Bawaria)"", ""PCL"": ""2921044"", ""Population"": ""28370"", ""ADM1"": ""2951839"", ""Country"": ""Germany"", ""Class"": ""P"", ""AncestorsIds"": ""2861322, 2951839, 2921044, 6255148""}"
Danube,geonames,Town of Danube,United States,"New York (Stato di New York, State of New York, Nueva York, Empire State, Nova Iorque, New York State, Estado de Nueva York, Nowy Jork, NY, 纽约州)","Herkimer County (Condado de Herkimer, Herkimer, Contea di Herkimer, Comté de Herkimer, 赫基默縣, Hrabstwo Herkimer)",42.98381,-74.80234,A,ADM3,1025,"{""AncestorsNames"": ""Herkimer County (Condado de Herkimer, Herkimer, Contea di Herkimer, Comté de Herkimer, 赫基默縣, Hrabstwo Herkimer), New York (Stato di New York, State of New York, Nueva York, Empire State, Nova Iorque, New York State, Estado de Nueva York, Nowy Jork, NY, 纽约州), United States (美国, USA, Amerikas Förenta Stater, United States of America, Vereinigte Staaten, Estados Unidos, EUA, U.S., Verenigde Staten, Stati Uniti, États Unis, America, U.S.A., VS, Vereinigten Staaten von Amerika, US), North America"", ""FullHierarchy"": ""Town of Danube, Herkimer County (Condado de Herkimer, Herkimer, Contea di Herkimer, Comté de Herkimer, 赫基默縣, Hrabstwo Herkimer), New York (Stato di New York, State of New York, Nueva York, Empire State, Nova Iorque, New York State, Estado de Nueva York, Nowy Jork, NY, 纽约州), United States (美国, USA, Amerikas Förenta Stater, United States of America, Vereinigte Staaten, Estados Unidos, EUA, U.S., Verenigde Staten, Stati Uniti, États Unis, America, U.S.A., VS, Vereinigten Staaten von Amerika, US), North America"", ""Latitude"": ""42.98381"", ""Code"": ""ADM3"", ""Longitude"": ""-74.80234"", ""County"": ""Herkimer County (Condado de Herkimer, Herkimer, Contea di Herkimer, Comté de Herkimer, 赫基默縣, Hrabstwo Herkimer)"", ""Name"": ""Town of Danube"", ""Continent"": ""North America"", ""GeonameId"": ""5114496"", ""ADM2"": ""5120548"", ""State"": ""New York (Stato di New York, State of New York, Nueva York, Empire State, Nova Iorque, New York State, Estado de Nueva York, Nowy Jork, NY, 纽约州)"", ""PCL"": ""6252001"", ""Population"": ""1025"", ""ADM1"": ""5128638"", ""Country"": ""United States"", ""Class"": ""A"", ""AncestorsIds"": ""5120548, 5128638, 6252001, 6255149""}"
Danube,geonames,Danube,United States,"Minnesota (MN, Estado de Minnesota, North Star State, State of Minnesota, 明尼苏达州, Minesota)","Renville County (倫維爾縣, Comté de Renville, Condado de Renville, Hrabstwo Renville, Contea di Renville, Renville)",44.7919,-95.09722,P,PPL,470,"{""AncestorsNames"": ""Renville County (倫維爾縣, Comté de Renville, Condado de Renville, Hrabstwo Renville, Contea di Renville, Renville), Minnesota (MN, Estado de Minnesota, North Star State, State of Minnesota, 明尼苏达州, Minesota), United States (美国, USA, Amerikas Förenta Stater, United States of America, Vereinigte Staaten, Estados Unidos, EUA, U.S., Verenigde Staten, Stati Uniti, États Unis, America, U.S.A., VS, Vereinigten Staaten von Amerika, US), North America"", ""FullHierarchy"": ""Danube, Renville County (倫維爾縣, Comté de Renville, Condado de Renville, Hrabstwo Renville, Contea di Renville, Renville), Minnesota (MN, Estado de Minnesota, North Star State, State of Minnesota, 明尼苏达州, Minesota), United States (美国, USA, Amerikas Förenta Stater, United States of America, Vereinigte Staaten, Estados Unidos, EUA, U.S., Verenigde Staten, Stati Uniti, États Unis, America, U.S.A., VS, Vereinigten Staaten von Amerika, US), North America"", ""Latitude"": ""44.7919"", ""Code"": ""PPL"", ""Longitude"": ""-95.09722"", ""County"": ""Renville County (倫維爾縣, Comté de Renville, Condado de Renville, Hrabstwo Renville, Contea di Renville, Renville)"", ""Name"": ""Danube"", ""Continent"": ""North America"", ""GeonameId"": ""5023835"", ""ADM2"": ""5042928"", ""State"": ""Minnesota (MN, Estado de Minnesota, North Star State, State of Minnesota, 明尼苏达州, Minesota)"", ""PCL"": ""6252001"", ""Population"": ""470"", ""ADM1"": ""5037779"", ""Country"": ""United States"", ""Class"": ""P"", ""AncestorsIds"": ""5042928, 5037779, 6252001, 6255149""}"
Danube,geonames,Blue Danube,Canada,"Ontario (Ontário, 安大略, Ont., ON)","Toronto county (Comté de Toronto, Toronto)",43.7327,-79.224,S,HTL,0,"{""AncestorsNames"": ""Toronto county (Comté de Toronto, Toronto), Ontario (Ontário, 安大略, Ont., ON), Canada (Canadá, CAN, Kanada, 加拿大, CA), North America"", ""FullHierarchy"": ""Blue Danube, Toronto county (Comté de Toronto, Toronto), Ontario (Ontário, 安大略, Ont., ON), Canada (Canadá, CAN, Kanada, 加拿大, CA), North America"", ""Latitude"": ""43.7327"", ""Code"": ""HTL"", ""Longitude"": ""-79.224"", ""County"": ""Toronto county (Comté de Toronto, Toronto)"", ""Name"": ""Blue Danube"", ""Continent"": ""North America"", ""GeonameId"": ""6524452"", ""ADM2"": ""8133394"", ""State"": ""Ontario (Ontário, 安大略, Ont., ON)"", ""PCL"": ""6251999"", ""Population"": ""0"", ""ADM1"": ""6093943"", ""Country"": ""Canada"", ""Class"": ""S"", ""AncestorsIds"": ""8133394, 6093943, 6251999, 6255149""}"
Danube,geonames,Lac Danube,Canada,"Quebec (QC, Quebeque, Que., Québec)","Abitibi-Témiscamingue (Abitibi-Temiscamingue, 阿比蒂比-蒂米斯坎明格)",48.04,-76.18056,H,LK,0,"{""AncestorsNames"": ""Abitibi-Témiscamingue (Abitibi-Temiscamingue, 阿比蒂比-蒂米斯坎明格), Quebec (QC, Quebeque, Que., Québec), Canada (Canadá, CAN, Kanada, 加拿大, CA), North America"", ""FullHierarchy"": ""Lac Danube, Abitibi-Témiscamingue (Abitibi-Temiscamingue, 阿比蒂比-蒂米斯坎明格), Quebec (QC, Quebeque, Que., Québec), Canada (Canadá, CAN, Kanada, 加拿大, CA), North America"", ""Latitude"": ""48.04"", ""Code"": ""LK"", ""Longitude"": ""-76.18056"", ""County"": ""Abitibi-Témiscamingue (Abitibi-Temiscamingue, 阿比蒂比-蒂米斯坎明格)"", ""Name"": ""Lac Danube"", ""Continent"": ""North America"", ""GeonameId"": ""6006452"", ""ADM2"": ""5881941"", ""State"": ""Quebec (QC, Quebeque, Que., Québec)"", ""PCL"": ""6251999"", ""Population"": ""0"", ""ADM1"": ""6115047"", ""Country"": ""Canada"", ""Class"": ""H"", ""AncestorsIds"": ""5881941, 6115047, 6251999, 6255149""}"
Danube,photon,Danube,Србија,,,45.1782837,20.2020001,,other,,"{""osm_type"": ""R"", ""osm_id"": 89652, ""osm_key"": ""waterway"", ""osm_value"": ""river"", ""type"": ""other"", ""countrycode"": ""RS"", ""name"": ""Danube"", ""country"": ""Србија"", ""extent"": [8.5168792, 49.0313739, 29.7773235, 43.6188425], ""lon"": 20.2020001, ""lat"": 45.1782837}"
Danube,photon,Danube,United States,Minnesota,Renville,44.7919049,-95.097225,,city,,"{""osm_type"": ""R"", ""osm_id"": 137820, ""osm_key"": ""place"", ""osm_value"": ""village"", ""type"": ""city"", ""postcode"": ""56230"", ""countrycode"": ""US"", ""name"": ""Danube"", ""country"": ""United States"", ""state"": ""Minnesota"", ""county"": ""Renville"", ""extent"": [-95.1179351, 44.7967404, -95.0869248, 44.7870705], ""lon"": -95.097225, ""lat"": 44.7919049}"
Danube,photon,Dunaj,Slovensko,Bratislavský kraj,,48.0468212,17.2008458,,other,,"{""osm_type"": ""W"", ""osm_id"": 30462631, ""osm_key"": ""waterway"", ""osm_value"": ""river"", ""type"": ""other"", ""countrycode"": ""SK"", ""name"": ""Dunaj"", ""country"": ""Slovensko"", ""city"": ""Čunovo"", ""district"": ""Čunovo"", ""state"": ""Bratislavský kraj"", ""extent"": [17.2008458, 48.0468212, 17.2208502, 48.0340012], ""lon"": 17.2008458, ""lat"": 48.0468212}"
Danube,photon,Danube,United States,New York,Herkimer,42.988056,-74.8025,,district,,"{""osm_type"": ""R"", ""osm_id"": 3157108, ""osm_key"": ""place"", ""osm_value"": ""hamlet"", ""type"": ""district"", ""countrycode"": ""US"", ""name"": ""Danube"", ""country"": ""United States"", ""state"": ""New York"", ""county"": ""Herkimer"", ""extent"": [-74.865953, 43.03452, -74.740094, 42.930132], ""lon"": -74.8025, ""lat"": 42.988056}"
Danube,photon,Duna,Magyarország,Közép-Magyarország,Budapest,47.5285312,19.0437501,,other,,"{""osm_type"": ""W"", ""osm_id"": 851474508, ""osm_key"": ""waterway"", ""osm_value"": ""river"", ""type"": ""other"", ""countrycode"": ""HU"", ""name"": ""Duna"", ""country"": ""Magyarország"", ""city"": ""Budapest"", ""district"": ""V. kerület"", ""state"": ""Közép-Magyarország"", ""county"": ""Budapest"", ""extent"": [19.0405766, 47.5417497, 19.0563509, 47.5115985], ""lon"": 19.0437501, ""lat"": 47.5285312}"
